Date,Price
10/26/2023,1463.4
10/25/2023,1496.5
10/23/2023,1506.05
10/20/2023,1522.8
10/19/2023,1514.95
10/18/2023,1519.75
10/17/2023,1541.2
10/16/2023,1529.6
10/13/2023,1535.75
10/12/2023,1549.85
10/11/2023,1539.6
10/10/2023,1524.85
10/9/2023,1516.25
10/6/2023,1534.05
10/5/2023,1535.75
10/4/2023,1529.55
10/3/2023,1508.05
9/29/2023,1526.3
9/28/2023,1523.7
9/27/2023,1526.85
9/26/2023,1537.65
9/25/2023,1531
9/22/2023,1529.65
9/21/2023,1553.35
9/20/2023,1563.7
9/18/2023,1629.05
9/15/2023,1661.75
9/14/2023,1642.9
9/13/2023,1643.9
9/12/2023,1636.9
9/11/2023,1631.8
9/8/2023,1623.4
9/7/2023,1610.85
9/6/2023,1595.5
9/5/2023,1574.9
9/4/2023,1584.55
9/1/2023,1574.7
8/31/2023,1571.45
8/30/2023,1578.7
8/29/2023,1590.3
8/28/2023,1577.75
8/25/2023,1561.5
8/24/2023,1579.3
8/23/2023,1586.6
8/22/2023,1582.7
8/21/2023,1589.5
8/18/2023,1590.75
8/17/2023,1597.3
8/16/2023,1606.2
8/14/2023,1610.9
8/11/2023,1618.8
8/10/2023,1635.85
8/9/2023,1650.5
8/8/2023,1649.9
8/7/2023,1651.25
8/4/2023,1652.2
8/3/2023,1628.65
8/2/2023,1640.5
8/1/2023,1662.25
7/31/2023,1651.2
7/28/2023,1643.5
7/27/2023,1673.15
7/26/2023,1690.7
7/25/2023,1696.6
7/24/2023,1678.4
7/21/2023,1675.75
7/20/2023,1688.75
7/19/2023,1685.1
7/18/2023,1677.5
7/17/2023,1678.9
7/14/2023,1644.5
7/13/2023,1641.1
7/12/2023,1632.95
7/11/2023,1648.4
7/10/2023,1656.45
7/7/2023,1660.4
7/6/2023,1675
7/5/2023,1673.3
7/4/2023,1728.2
7/3/2023,1719.8
6/30/2023,1701.4
6/28/2023,1676.15
6/27/2023,1658.6
6/26/2023,1635.55
6/23/2023,1643.5
6/22/2023,1643.6
6/21/2023,1635.6
6/20/2023,1607.5
6/19/2023,1604.15
6/16/2023,1602.75
6/15/2023,1582.05
6/14/2023,1601.75
6/13/2023,1603.5
6/12/2023,1600.8
6/9/2023,1610.6
6/8/2023,1608.7
6/7/2023,1607.7
6/6/2023,1599.4
6/5/2023,1604.4
6/2/2023,1606.5
6/1/2023,1604
5/31/2023,1610.85
5/30/2023,1636.75
5/29/2023,1635.5
5/26/2023,1615.8
5/25/2023,1609.6
5/24/2023,1615.8
5/23/2023,1637.2
5/22/2023,1641.05
5/19/2023,1646.9
5/18/2023,1645
5/17/2023,1638.45
5/16/2023,1647.3
5/15/2023,1675.8
5/12/2023,1667.8
5/11/2023,1653.2
5/10/2023,1652.1
5/9/2023,1644.5
5/8/2023,1644.45
5/5/2023,1625.65
5/4/2023,1727.8
5/3/2023,1693.15
5/2/2023,1687.25
4/28/2023,1687.6
4/27/2023,1681
4/26/2023,1671.8
4/25/2023,1664.15
4/24/2023,1688.15
4/21/2023,1674.6
4/20/2023,1671.9
4/19/2023,1665.7
4/18/2023,1659.6
4/17/2023,1666.65
4/13/2023,1692.45
4/12/2023,1684.9
4/11/2023,1663.3
4/10/2023,1658.45
4/6/2023,1666.35
4/5/2023,1653.75
4/3/2023,1610.55
3/31/2023,1609.55
3/29/2023,1587.8
3/28/2023,1580.2
3/27/2023,1567.45
3/24/2023,1560.65
3/23/2023,1563.15
3/22/2023,1575.8
3/21/2023,1579.45
3/20/2023,1561.75
3/17/2023,1572.65
3/16/2023,1551.9
3/15/2023,1541.9
3/14/2023,1564.35
3/13/2023,1568.55
3/10/2023,1588.65
3/9/2023,1630.7
3/8/2023,1630.55
3/6/2023,1627.3
3/3/2023,1615.9
3/2/2023,1584.45
3/1/2023,1598.05
2/28/2023,1599.6
2/27/2023,1592.9
2/24/2023,1588.95
2/23/2023,1603.25
2/22/2023,1614.2
2/21/2023,1646.5
2/20/2023,1640.35
2/17/2023,1655.9
2/16/2023,1664.25
2/15/2023,1670.3
2/14/2023,1673.7
2/13/2023,1658.35
2/10/2023,1657.1
2/9/2023,1650.55
2/8/2023,1654
2/7/2023,1654.2
2/6/2023,1651.75
2/3/2023,1658.8
2/2/2023,1603.35
2/1/2023,1627.55
1/31/2023,1603.5
1/30/2023,1614.15
1/27/2023,1615.8
1/25/2023,1648.65
1/24/2023,1695.5
1/23/2023,1673.1
1/20/2023,1660.95
1/19/2023,1644.1
1/18/2023,1637.3
1/17/2023,1608.9
1/16/2023,1585.3
1/13/2023,1600.65
1/12/2023,1599.4
1/11/2023,1590.9
1/10/2023,1568.3
1/9/2023,1597.5
1/6/2023,1594.4
1/5/2023,1599.7
1/4/2023,1610.05
1/3/2023,1639.35
1/2/2023,1628.7
12/30/2022,1628.15
12/29/2022,1641.3
12/28/2022,1629.8
12/27/2022,1631.1
12/26/2022,1629.45
12/23/2022,1597.65
12/22/2022,1612.05
12/21/2022,1617.6
12/20/2022,1633.4
12/19/2022,1644.75
12/16/2022,1639.65
12/15/2022,1631.8
12/14/2022,1662.25
12/13/2022,1648.3
12/12/2022,1643.75
12/9/2022,1631.05
12/8/2022,1619.5
12/7/2022,1610.45
12/6/2022,1611.15
12/5/2022,1612.95
12/2/2022,1607.1
12/1/2022,1619.5
11/30/2022,1608.45
11/29/2022,1597.85
11/28/2022,1600.25
11/25/2022,1617.65
11/24/2022,1625.15
11/23/2022,1599.15
11/22/2022,1595
11/21/2022,1597.35
11/18/2022,1613.9
11/17/2022,1618.15
11/16/2022,1632.9
11/15/2022,1619
11/14/2022,1615.05
11/11/2022,1611.15
11/10/2022,1524.75
11/9/2022,1508.35
11/7/2022,1508.8
11/4/2022,1497.15
11/3/2022,1507.55
11/2/2022,1514.2
11/1/2022,1513.25
10/31/2022,1496.7
10/28/2022,1458.7
10/27/2022,1454.4
10/25/2022,1450.9
10/24/2022,1461.05
10/21/2022,1438.6
10/20/2022,1448.8
10/19/2022,1458.65
10/18/2022,1443.85
10/17/2022,1446.55
10/14/2022,1439
10/13/2022,1393.6
10/12/2022,1409.8
10/11/2022,1400.65
10/10/2022,1415
10/7/2022,1430.8
10/6/2022,1437
10/4/2022,1453
10/3/2022,1413.2
9/30/2022,1421.35
9/29/2022,1382.35
9/28/2022,1389.55
9/27/2022,1413.85
9/26/2022,1426.65
9/23/2022,1446.15
9/22/2022,1486
9/21/2022,1518.35
9/20/2022,1520.7
9/19/2022,1502.6
9/16/2022,1492.75
9/15/2022,1520.7
9/14/2022,1528.65
9/13/2022,1513.1
9/12/2022,1493.55
9/9/2022,1498.6
9/8/2022,1497.6
9/7/2022,1482.3
9/6/2022,1489.35
9/5/2022,1495.05
9/2/2022,1485.5
9/1/2022,1472.15
8/30/2022,1486.1
8/29/2022,1439.4
8/26/2022,1465.1
8/25/2022,1464.85
8/24/2022,1472.85
8/23/2022,1465.8
8/22/2022,1470.35
8/19/2022,1493.05
8/18/2022,1511.7
8/17/2022,1509.9
8/16/2022,1502.15
8/12/2022,1485.15
8/11/2022,1485.7
8/10/2022,1466.3
8/8/2022,1462.05
8/5/2022,1427.05
8/4/2022,1431.9
8/3/2022,1433.6
8/2/2022,1430.25
8/1/2022,1446.15
7/29/2022,1434.2
7/28/2022,1416.85
7/27/2022,1404.4
7/26/2022,1393.75
7/25/2022,1396.6
7/22/2022,1392.5
7/21/2022,1360.75
7/20/2022,1365.05
7/19/2022,1348.05
7/18/2022,1347.55
7/15/2022,1362.05
7/14/2022,1351.05
7/13/2022,1357.85
7/12/2022,1391.8
7/11/2022,1406.15
7/8/2022,1397.1
7/7/2022,1395.8
7/6/2022,1371.25
7/5/2022,1352.6
7/4/2022,1355.65
7/1/2022,1353.75
6/30/2022,1348
6/29/2022,1343.95
6/28/2022,1345.9
6/27/2022,1356.25
6/24/2022,1353.8
6/23/2022,1335.15
6/22/2022,1330.25
6/21/2022,1336.55
6/20/2022,1322.15
6/17/2022,1289.75
6/16/2022,1281.3
6/15/2022,1307.45
6/14/2022,1312
6/13/2022,1326.6
6/10/2022,1351.1
6/9/2022,1377.7
6/8/2022,1367.4
6/7/2022,1362.6
6/6/2022,1378.45
6/3/2022,1380.3
6/2/2022,1385.1
6/1/2022,1394.85
5/31/2022,1388.95
5/30/2022,1401.55
5/27/2022,1392.05
5/26/2022,1366.7
5/25/2022,1328.8
5/24/2022,1318.95
5/23/2022,1304
5/20/2022,1320.95
5/19/2022,1287.05
5/18/2022,1313.9
5/17/2022,1314
5/16/2022,1305.1
5/13/2022,1291.35
5/12/2022,1303.05
5/11/2022,1348.6
5/10/2022,1341.05
5/9/2022,1319.85
5/6/2022,1317.6
5/5/2022,1352.95
5/4/2022,1356
5/2/2022,1403.7
4/29/2022,1384.6
4/28/2022,1371.35
4/27/2022,1372.55
4/26/2022,1372.05
4/25/2022,1365.75
4/22/2022,1355.6
4/21/2022,1374.35
4/20/2022,1354.3
4/19/2022,1342.2
4/18/2022,1395.45
4/13/2022,1464.95
4/12/2022,1493.5
4/11/2022,1496.15
4/8/2022,1514.65
4/7/2022,1516.75
4/6/2022,1550.85
4/5/2022,1608.25
4/4/2022,1656.8
4/1/2022,1506
3/31/2022,1470.35
3/30/2022,1476.95
3/29/2022,1451.8
3/28/2022,1432.8
3/25/2022,1430.9
3/24/2022,1442.65
3/23/2022,1479.25
3/22/2022,1494.15
3/21/2022,1486.5
3/17/2022,1480.05
3/16/2022,1448.15
3/15/2022,1424
3/14/2022,1442.55
3/11/2022,1396.8
3/10/2022,1392.7
3/9/2022,1371.15
3/8/2022,1327.8
3/7/2022,1324.8
3/4/2022,1366.5
3/3/2022,1371
3/2/2022,1374.25
2/28/2022,1426.25
2/25/2022,1456.1
2/24/2022,1419.4
2/23/2022,1500.9
2/22/2022,1510.7
2/21/2022,1522.1
2/18/2022,1512.35
2/17/2022,1506.5
2/16/2022,1515.75
2/15/2022,1517.8
2/14/2022,1473.7
2/11/2022,1518.85
2/10/2022,1525.1
2/9/2022,1497.6
2/8/2022,1461.85
2/7/2022,1468.15
2/4/2022,1524
2/3/2022,1515.35
2/2/2022,1531.2
2/1/2022,1497
1/31/2022,1485.7
1/28/2022,1463.25
1/27/2022,1474.95
1/25/2022,1488.05
1/24/2022,1486.65
1/21/2022,1521.6
1/20/2022,1509
1/19/2022,1518.45
1/18/2022,1529.25
1/17/2022,1521.5
1/14/2022,1545.15
1/13/2022,1528
1/12/2022,1556.65
1/11/2022,1565.9
1/10/2022,1559.15
1/7/2022,1550.55
1/6/2022,1539.75
1/5/2022,1564.85
1/4/2022,1528.55
1/3/2022,1519.65
12/31/2021,1479.4
12/30/2021,1461.5
12/29/2021,1453.85
12/28/2021,1460.8
12/27/2021,1450.8
12/24/2021,1438.9
12/23/2021,1444.1
12/22/2021,1445.2
12/21/2021,1441.8
12/20/2021,1425.65
12/17/2021,1473.05
12/16/2021,1500.1
12/15/2021,1500
12/14/2021,1502.45
12/13/2021,1511.15
12/10/2021,1522.55
12/9/2021,1526.85
12/8/2021,1553.8
12/7/2021,1525.7
12/6/2021,1503.8
12/3/2021,1513.55
12/2/2021,1525.75
12/1/2021,1504.65
11/30/2021,1493.55
11/29/2021,1501.25
11/26/2021,1489.9
11/25/2021,1525.95
11/24/2021,1518.05
11/23/2021,1515.55
11/22/2021,1515.35
11/18/2021,1539.4
11/17/2021,1530.8
11/16/2021,1548
11/15/2021,1557.25
11/12/2021,1553
11/11/2021,1548.3
11/10/2021,1555.25
11/9/2021,1572.25
11/8/2021,1600.25
11/4/2021,1593.95
11/3/2021,1581.45
11/2/2021,1606.75
11/1/2021,1605.3
10/29/2021,1582.85
10/28/2021,1593.6
10/27/2021,1642.8
10/26/2021,1652.75
10/25/2021,1657
10/22/2021,1680.75
10/21/2021,1676.3
10/20/2021,1673.85
10/19/2021,1688.7
10/18/2021,1670.3
10/14/2021,1687.4
10/13/2021,1639.4
10/12/2021,1629.6
10/11/2021,1633.8
10/8/2021,1602.65
10/7/2021,1610.5
10/6/2021,1614.9
10/5/2021,1595.45
10/4/2021,1585.75
10/1/2021,1582.7
9/30/2021,1594.95
9/29/2021,1593.85
9/28/2021,1615.05
9/27/2021,1625.1
9/24/2021,1601.55
9/23/2021,1570
9/22/2021,1533.7
9/21/2021,1551.95
9/20/2021,1559.85
9/17/2021,1582.15
9/16/2021,1559.95
9/15/2021,1546.8
9/14/2021,1548.55
9/13/2021,1555.55
9/9/2021,1568.6
9/8/2021,1576.4
9/7/2021,1569.25
9/6/2021,1565.7
9/3/2021,1576.05
9/2/2021,1589
9/1/2021,1579.1
8/31/2021,1581.4
8/30/2021,1568.25
8/27/2021,1548.45
8/26/2021,1554.8
8/25/2021,1557.4
8/24/2021,1558.85
8/23/2021,1524.6
8/20/2021,1514.75
8/18/2021,1513
8/17/2021,1514.65
8/16/2021,1530.6
8/13/2021,1526.2
8/12/2021,1501.4
8/11/2021,1494.95
8/10/2021,1507.65
8/9/2021,1503.9
8/6/2021,1492.65
8/5/2021,1484.85
8/4/2021,1465.3
8/3/2021,1434.7
8/2/2021,1422.65
7/30/2021,1426.45
7/29/2021,1418.25
7/28/2021,1417.3
7/27/2021,1439.75
7/26/2021,1434.55
7/23/2021,1442.75
7/22/2021,1448.7
7/20/2021,1443.15
7/19/2021,1471
7/16/2021,1522.35
7/15/2021,1520.7
7/14/2021,1499.15
7/13/2021,1501.85
7/12/2021,1487
7/9/2021,1502
7/8/2021,1520.45
7/7/2021,1539.5
7/6/2021,1534.7
7/5/2021,1495.45
7/2/2021,1480.4
7/1/2021,1486.75
6/30/2021,1497.9
6/29/2021,1502.05
6/28/2021,1508.35
6/25/2021,1515.1
6/24/2021,1506.25
6/23/2021,1485.5
6/22/2021,1483.8
6/21/2021,1488.7
6/18/2021,1479.8
6/17/2021,1466.1
6/16/2021,1484.6
6/15/2021,1490.25
6/14/2021,1479.45
6/11/2021,1486.35
6/10/2021,1481.05
6/9/2021,1480.3
6/8/2021,1483.05
6/7/2021,1499.85
6/4/2021,1500.95
6/3/2021,1520.55
6/2/2021,1504
6/1/2021,1511.7
5/31/2021,1515.85
5/28/2021,1503.45
5/27/2021,1482.65
5/26/2021,1477.05
5/25/2021,1478.95
5/24/2021,1509.95
5/21/2021,1497.3
5/20/2021,1432.8
5/19/2021,1458.2
5/18/2021,1476.7
5/17/2021,1440.25
5/14/2021,1386.85
5/12/2021,1399.5
5/11/2021,1403.55
5/10/2021,1419.85
5/7/2021,1414.75
5/6/2021,1400.9
5/5/2021,1402.6
5/4/2021,1388.35
5/3/2021,1414.45
4/30/2021,1412.3
4/29/2021,1472.5
4/28/2021,1476.8
4/27/2021,1438.7
4/26/2021,1404.8
4/23/2021,1414.15
4/22/2021,1422.5
4/20/2021,1391.4
4/19/2021,1412.4
4/16/2021,1428.65
4/15/2021,1430.1
4/13/2021,1400.35
4/12/2021,1367.05
4/9/2021,1421.75
4/8/2021,1432.8
4/7/2021,1447.2
4/6/2021,1440.25
4/5/2021,1449.6
4/1/2021,1486.75
3/31/2021,1493.65
3/30/2021,1553.7
3/26/2021,1491.3
3/25/2021,1463.35
3/24/2021,1478.8
3/23/2021,1500.15
3/22/2021,1469.15
3/19/2021,1497.5
3/18/2021,1491
3/17/2021,1495.35
3/16/2021,1512.15
3/15/2021,1528.65
3/12/2021,1551.95
3/10/2021,1555.75
3/9/2021,1562.5
3/8/2021,1519.5
3/5/2021,1530
3/4/2021,1552.05
3/3/2021,1586.85
3/2/2021,1568.2
3/1/2021,1558.9
2/26/2021,1534.4
2/25/2021,1606.4
2/24/2021,1606.45
2/23/2021,1529.15
2/22/2021,1548
2/19/2021,1539.1
2/18/2021,1554.3
2/17/2021,1586.5
2/16/2021,1626.65
2/15/2021,1616.6
2/12/2021,1581.95
2/11/2021,1572.35
2/10/2021,1581.75
2/9/2021,1611.85
2/8/2021,1605.25
2/5/2021,1597.6
2/4/2021,1579.1
2/3/2021,1574.8
2/2/2021,1560.55
2/1/2021,1476.75
1/29/2021,1390.5
1/28/2021,1371.45
1/27/2021,1409.6
1/25/2021,1462.85
1/22/2021,1443.55
1/21/2021,1474.8
1/20/2021,1492
1/19/2021,1503.85
1/18/2021,1483.1
1/15/2021,1466.65
1/14/2021,1468.75
1/13/2021,1470.65
1/12/2021,1481
1/11/2021,1451.45
1/8/2021,1431.65
1/7/2021,1416.25
1/6/2021,1420.55
1/5/2021,1426.7
1/4/2021,1416
1/1/2021,1425.05
12/31/2020,1436.3
12/30/2020,1432.5
12/29/2020,1427.2
12/28/2020,1412.85
12/24/2020,1397.1
12/23/2020,1375.65
12/22/2020,1373.1
12/21/2020,1372.65
12/18/2020,1411.35
12/17/2020,1441.8
12/16/2020,1410.7
12/15/2020,1391.3
12/14/2020,1372.15
12/11/2020,1382.8
12/10/2020,1385.85
12/9/2020,1407.2
12/8/2020,1376.3
12/7/2020,1372.25
12/4/2020,1385.6
12/3/2020,1377.2
12/2/2020,1406.95
12/1/2020,1433.3
11/27/2020,1440.85
11/26/2020,1426.65
11/25/2020,1402.8
11/24/2020,1438.2
11/23/2020,1394.6
11/20/2020,1403.65
11/19/2020,1374.35
11/18/2020,1408.7
11/17/2020,1408.45
11/14/2020,1369.7
11/13/2020,1358.8
11/12/2020,1371.7
11/11/2020,1389.95
11/10/2020,1393.65
11/9/2020,1340.55
11/6/2020,1307.65
11/5/2020,1269.2
11/4/2020,1257.4
11/3/2020,1247.95
11/2/2020,1215.25
10/30/2020,1183.55
10/29/2020,1187.2
10/28/2020,1209.6
10/27/2020,1233.1
10/26/2020,1210.9
10/23/2020,1235.8
10/22/2020,1233.3
10/21/2020,1246.7
10/20/2020,1223.95
10/19/2020,1203.55
10/16/2020,1199.35
10/15/2020,1169.25
10/14/2020,1211.5
10/13/2020,1198.45
10/12/2020,1213.65
10/9/2020,1233.55
10/8/2020,1191.8
10/7/2020,1162.25
10/6/2020,1144.1
10/5/2020,1114.35
10/1/2020,1106.95
9/30/2020,1078.6
9/29/2020,1062.55
9/28/2020,1054.2
9/25/2020,1044
9/24/2020,1030.4
9/23/2020,1047.25
9/22/2020,1035.4
9/21/2020,1049.3
9/18/2020,1057.3
9/17/2020,1083.6
9/16/2020,1093.65
9/15/2020,1070.5
9/14/2020,1057.95
9/11/2020,1078.65
9/10/2020,1090.55
9/9/2020,1096.5
9/8/2020,1112.45
9/7/2020,1110.5
9/4/2020,1119.3
9/3/2020,1130.9
9/2/2020,1134.15
9/1/2020,1127.3
8/31/2020,1115.85
8/28/2020,1114.5
8/27/2020,1112.1
8/26/2020,1118.45
8/25/2020,1119.7
8/24/2020,1117.05
8/21/2020,1085.65
8/20/2020,1059
8/19/2020,1066.6
8/18/2020,1056.5
8/17/2020,1032.75
8/14/2020,1034.45
8/13/2020,1059.05
8/12/2020,1063.7
8/11/2020,1066.65
8/10/2020,1050.65
8/7/2020,1043.85
8/6/2020,1040.7
8/5/2020,1027.55
8/4/2020,1041.65
8/3/2020,1002
7/31/2020,1032.8
7/30/2020,1050.65
7/29/2020,1064.6
7/28/2020,1086.65
7/27/2020,1079.5
7/24/2020,1119.1
7/23/2020,1130.4
7/22/2020,1126.35
7/21/2020,1138.55
7/20/2020,1133.05
7/17/2020,1098.45
7/16/2020,1062.55
7/15/2020,1053.15
7/14/2020,1058.85
7/13/2020,1080.25
7/10/2020,1105.1
7/9/2020,1124.95
7/8/2020,1110.35
7/7/2020,1105.15
7/6/2020,1103
7/3/2020,1073.95
7/2/2020,1089.4
7/1/2020,1084.6
6/30/2020,1065.85
6/29/2020,1076.05
6/26/2020,1056.45
6/25/2020,1028.75
6/24/2020,1032.5
6/23/2020,1042.3
6/22/2020,1028.75
6/19/2020,1033.35
6/18/2020,1019.95
6/17/2020,979.25
6/16/2020,990.4
6/15/2020,949.85
6/12/2020,982.75
6/11/2020,968.6
6/10/2020,991.85
6/9/2020,987.3
6/8/2020,1015.9
6/5/2020,1033.35
6/4/2020,1001.7
6/3/2020,1022.25
6/2/2020,1001
6/1/2020,987.65
5/29/2020,951.65
5/28/2020,945.25
5/27/2020,903.65
5/26/2020,852.4
5/22/2020,838.85
5/21/2020,859.55
5/20/2020,857.1
5/19/2020,830.65
5/18/2020,836.65
5/15/2020,888.15
5/14/2020,893.7
5/13/2020,927.65
5/12/2020,901.55
5/11/2020,915.8
5/8/2020,929.05
5/7/2020,925
5/6/2020,946.4
5/5/2020,911.45
5/4/2020,923
4/30/2020,1001.8
4/29/2020,977.1
4/28/2020,931.4
4/27/2020,929.7
4/24/2020,938.05
4/23/2020,954.95
4/22/2020,928.6
4/21/2020,921.65
4/20/2020,944.85
4/17/2020,910.3
4/16/2020,879.75
4/15/2020,863.3
4/13/2020,895.35
4/9/2020,925.05
4/8/2020,888.9
4/7/2020,896.1
4/3/2020,813.85
4/1/2020,829.65
3/31/2020,861.9
3/30/2020,831.65
3/27/2020,904.45
3/26/2020,901.1
3/25/2020,856.75
3/24/2020,767.7
3/23/2020,771.55
3/20/2020,882.85
3/19/2020,895.55
3/18/2020,876.9
3/17/2020,975.1
3/16/2020,999.5
3/13/2020,1069.8
3/12/2020,1021.3
3/11/2020,1113.8
3/9/2020,1107.3
3/6/2020,1134.9
3/5/2020,1151.35
3/4/2020,1148.85
3/3/2020,1181.8
3/2/2020,1179.6
2/28/2020,1177.65
2/27/2020,1199.45
2/26/2020,1199.25
2/25/2020,1200.3
2/24/2020,1209.95
2/20/2020,1217.1
2/19/2020,1227.2
2/18/2020,1213.25
2/17/2020,1217.15
2/14/2020,1219.35
2/13/2020,1241.4
2/12/2020,1249
2/11/2020,1240.6
2/10/2020,1240.3
2/7/2020,1242.2
2/6/2020,1239.8
2/5/2020,1244.65
2/4/2020,1229.8
2/3/2020,1192.8
2/1/2020,1198.7
1/31/2020,1226.3
1/30/2020,1226.05
1/29/2020,1235.85
1/28/2020,1223.2
1/27/2020,1213.2
1/24/2020,1244.55
1/23/2020,1244.85
1/22/2020,1240.85
1/21/2020,1244.35
1/20/2020,1254.9
1/17/2020,1278.15
1/16/2020,1287.65
1/15/2020,1284.25
1/14/2020,1289.5
1/13/2020,1286
1/10/2020,1282.7
1/9/2020,1271.4
1/8/2020,1257.3
1/7/2020,1260.6
1/6/2020,1240.95
1/3/2020,1268.4
1/2/2020,1286.75
1/1/2020,1278.6
12/31/2019,1272.1
12/30/2019,1282.15
12/27/2019,1275
12/26/2019,1270.45
12/24/2019,1289.15
12/23/2019,1302.4
12/20/2019,1296.7
12/19/2019,1288.8
12/18/2019,1292.35
12/17/2019,1271.1
12/16/2019,1257.35
12/13/2019,1263.85
12/12/2019,1263.6
12/11/2019,1248.75
12/10/2019,1249.5
12/9/2019,1242.95
12/6/2019,1246.05
12/5/2019,1245.6
12/4/2019,1251.65
12/3/2019,1255.4
12/2/2019,1265.75
11/29/2019,1274.95
11/28/2019,1265.3
11/27/2019,1278.4
11/26/2019,1275.05
11/25/2019,1271.1
11/22/2019,1264.75
11/21/2019,1283.35
11/20/2019,1273.35
11/19/2019,1271.9
11/18/2019,1262.05
11/15/2019,1277.9
11/14/2019,1273.9
11/13/2019,1257.55
11/11/2019,1264.75
11/8/2019,1255.6
11/7/2019,1263.7
11/6/2019,1256.65
11/5/2019,1239.5
11/4/2019,1236.85
11/1/2019,1240.05
10/31/2019,1230.35
10/30/2019,1248.35
10/29/2019,1242.5
10/27/2019,1237.7
10/25/2019,1229
10/24/2019,1236.1
10/23/2019,1241.6
10/22/2019,1239.3
10/18/2019,1229
10/17/2019,1220
10/16/2019,1221.1
10/15/2019,1223.05
10/14/2019,1204.4
10/11/2019,1198.8
10/10/2019,1200.55
10/9/2019,1228.15
10/7/2019,1186.9
10/4/2019,1189.7
10/3/2019,1223.55
10/1/2019,1248.8
9/30/2019,1227.45
9/27/2019,1244.2
9/26/2019,1242.5
9/25/2019,1239.7
9/24/2019,1253.8
9/23/2019,1257.25
9/20/2019,1199.6
9/19/2019,1101.05
9/18/2019,1093.88
9/17/2019,1105.68
9/16/2019,1122.08
9/13/2019,1128.73
9/12/2019,1135.43
9/11/2019,1125.65
9/9/2019,1124.8
9/6/2019,1122.95
9/5/2019,1117.58
9/4/2019,1123.88
9/3/2019,1105.48
8/30/2019,1113.98
8/29/2019,1113.48
8/28/2019,1123.75
8/27/2019,1129.98
8/26/2019,1128.08
8/23/2019,1081.35
8/22/2019,1087.05
8/21/2019,1112.93
8/20/2019,1110.3
8/19/2019,1103.43
8/16/2019,1113.85
8/14/2019,1114.73
8/13/2019,1110.18
8/9/2019,1141
8/8/2019,1116.58
8/7/2019,1092
8/6/2019,1094.55
8/5/2019,1089.63
8/2/2019,1107.18
8/1/2019,1110.9
7/31/2019,1125.83
7/30/2019,1126.13
7/29/2019,1122.15
7/26/2019,1138.65
7/25/2019,1143.03
7/24/2019,1140.45
7/23/2019,1131.75
7/22/2019,1148.63
7/19/2019,1187.83
7/18/2019,1205.95
7/17/2019,1198.73
7/16/2019,1195.6
7/15/2019,1197.38
7/12/2019,1196.95
7/11/2019,1203.58
7/10/2019,1194.38
7/9/2019,1189.58
7/8/2019,1204.8
7/5/2019,1236.2
7/4/2019,1241.9
7/3/2019,1244.83
7/2/2019,1247.5
7/1/2019,1242.78
6/28/2019,1221.88
6/27/2019,1231.15
6/26/2019,1233.95
6/25/2019,1214.35
6/24/2019,1208.98
6/21/2019,1207.1
6/20/2019,1213.18
6/19/2019,1214.18
6/18/2019,1208.63
6/17/2019,1211
6/14/2019,1217.55
6/13/2019,1222.35
6/12/2019,1213.53
6/11/2019,1224.2
6/10/2019,1220.1
6/7/2019,1223.83
6/6/2019,1211.68
6/4/2019,1226.15
6/3/2019,1228.55
5/31/2019,1212.68
5/30/2019,1219.78
5/29/2019,1208.45
5/28/2019,1208.1
5/27/2019,1204.18
5/24/2019,1186.68
5/23/2019,1166.05
5/22/2019,1202.88
5/21/2019,1201.85
5/20/2019,1216.18
5/17/2019,1181.05
5/16/2019,1155.33
5/15/2019,1143.35
5/14/2019,1143.95
5/13/2019,1143.6
5/10/2019,1148.25
5/9/2019,1145.45
5/8/2019,1153.63
5/7/2019,1161.18
5/6/2019,1164.23
5/3/2019,1183.98
5/2/2019,1177.9
4/30/2019,1158.73
4/26/2019,1140.48
4/25/2019,1131.73
4/24/2019,1139.88
4/23/2019,1122.65
4/22/2019,1134.35
4/18/2019,1146.83
4/16/2019,1152.53
4/15/2019,1144.4
4/12/2019,1132.63
4/11/2019,1128.75
4/10/2019,1118.68
4/9/2019,1143.63
4/8/2019,1144.7
4/5/2019,1152.8
4/4/2019,1141.98
4/3/2019,1146.38
4/2/2019,1147.43
4/1/2019,1155.9
3/29/2019,1159.45
3/28/2019,1151.4
3/27/2019,1149.73
3/26/2019,1155.68
3/25/2019,1140.65
3/22/2019,1138.08
3/20/2019,1149.5
3/19/2019,1133.88
3/18/2019,1130.73
3/15/2019,1126.5
3/14/2019,1112.38
3/13/2019,1113.28
3/12/2019,1085.5
3/11/2019,1064.23
3/8/2019,1064.1
3/7/2019,1063.25
3/6/2019,1052.13
3/5/2019,1053.55
3/1/2019,1041.68
2/28/2019,1038.78
2/27/2019,1046.13
2/26/2019,1055.33
2/25/2019,1062.7
2/22/2019,1045.73
2/21/2019,1057.95
2/20/2019,1054.18
2/19/2019,1042.03
2/18/2019,1044.95
2/15/2019,1050.33
2/14/2019,1055.1
2/13/2019,1071.73
2/12/2019,1064.85
2/11/2019,1069.83
2/8/2019,1061.33
2/7/2019,1058.63
2/6/2019,1061.33
2/5/2019,1057.03
2/4/2019,1052.45
2/1/2019,1045.23
1/31/2019,1039.98
1/30/2019,1017.35
1/29/2019,1028.8
1/28/2019,1042.08
1/25/2019,1048
1/24/2019,1051.13
1/23/2019,1052.7
1/22/2019,1067.93
1/21/2019,1074.08
1/18/2019,1065.13
1/17/2019,1066.15
1/16/2019,1060.1
1/15/2019,1060.95
1/14/2019,1050.83
1/11/2019,1055.95
1/10/2019,1054.25
1/9/2019,1058.4
1/8/2019,1051.5
1/7/2019,1060.33
1/4/2019,1058.73
1/3/2019,1055.9
1/2/2019,1064.25
1/1/2019,1074.05
12/31/2018,1060.85
12/28/2018,1061.45
12/27/2018,1052.53
12/26/2018,1061.18
12/24/2018,1040.33
12/21/2018,1055.58
12/20/2018,1068.73
12/19/2018,1061.73
12/18/2018,1067.73
12/17/2018,1065.1
12/14/2018,1047.85
12/13/2018,1050.65
12/12/2018,1042.65
12/11/2018,1029.78
12/10/2018,1044.38
12/7/2018,1053.8
12/6/2018,1048.53
12/5/2018,1049.6
12/4/2018,1042.78
12/3/2018,1056.65
11/30/2018,1064.23
11/29/2018,1065.53
11/28/2018,1044.63
11/27/2018,1032
11/26/2018,1024.9
11/22/2018,1002.75
11/21/2018,1009.38
11/20/2018,1006.23
11/19/2018,1006.95
11/16/2018,1002.15
11/15/2018,987.58
11/14/2018,978.88
11/13/2018,963.88
11/12/2018,960.53
11/9/2018,972.7
11/7/2018,978.98
11/6/2018,973.28
11/5/2018,978
11/2/2018,974.73
11/1/2018,956.1
10/31/2018,955.88
10/30/2018,956.38
10/29/2018,963.15
10/26/2018,980.6
10/25/2018,984.4
10/24/2018,996.13
10/23/2018,992.43
10/22/2018,999.45
10/19/2018,983.88
10/17/2018,987.3
10/16/2018,996.38
10/15/2018,1004.03
10/12/2018,990.93
10/11/2018,968.78
10/10/2018,983.58
10/9/2018,970.3
10/8/2018,972.5
10/5/2018,982.65
10/4/2018,978.88
10/3/2018,1015.58
10/1/2018,1017.73
9/28/2018,1003.03
9/27/2018,988.08
9/26/2018,984.1
9/25/2018,976.2
9/24/2018,962.85
9/21/2018,985.13
9/19/2018,980.68
9/18/2018,994.6
9/17/2018,996.1
9/14/2018,1014.8
9/12/2018,1005.93
9/11/2018,1000.2
9/10/2018,1020.58
9/7/2018,1028.48
9/6/2018,1026.1
9/5/2018,1022.93
9/4/2018,1025.9
9/3/2018,1037.53
8/31/2018,1030.6
8/30/2018,1033.05
8/29/2018,1039.25
8/28/2018,1047.43
8/27/2018,1040.23
8/24/2018,1034.93
8/23/2018,1039.95
8/21/2018,1048.03
8/20/2018,1048.1
8/17/2018,1038.68
8/16/2018,1037.85
8/14/2018,1044.55
8/13/2018,1045.83
8/10/2018,1057.23
8/9/2018,1059.25
8/8/2018,1068.18
8/7/2018,1065.45
8/6/2018,1057.15
8/3/2018,1060.83
8/2/2018,1065.1
8/1/2018,1079.35
7/31/2018,1089.75
7/30/2018,1084.95
7/27/2018,1101.08
7/26/2018,1096.3
7/25/2018,1085.18
7/24/2018,1079.88
7/23/2018,1078.23
7/20/2018,1094.53
7/19/2018,1093.05
7/18/2018,1088.1
7/17/2018,1088.38
7/16/2018,1084.43
7/13/2018,1090.45
7/12/2018,1082.98
7/11/2018,1074.13
7/10/2018,1073.2
7/9/2018,1062.83
7/6/2018,1057.58
7/5/2018,1061.88
7/4/2018,1051.78
7/3/2018,1035.1
7/2/2018,1036.63
6/29/2018,1054.23
6/28/2018,1065.43
6/27/2018,1056.3
6/26/2018,1046.85
6/25/2018,1047.48
6/22/2018,1041.68
6/21/2018,1028.8
6/20/2018,1028.08
6/19/2018,1011.75
6/18/2018,1009.58
6/15/2018,1014.8
6/14/2018,1018.7
6/13/2018,1015.73
6/12/2018,1021.93
6/11/2018,1021.15
6/8/2018,1024.68
6/7/2018,1031.1
6/6/2018,1028.68
6/5/2018,1031.8
6/4/2018,1023.1
6/1/2018,1055.3
5/31/2018,1069.73
5/30/2018,1024.18
5/29/2018,1016.3
5/28/2018,1021.1
5/25/2018,1004.35
5/24/2018,993
5/23/2018,983.75
5/22/2018,994.95
5/21/2018,996.53
5/18/2018,1006.08
5/17/2018,1013.88
5/16/2018,1011.68
5/15/2018,1018.9
5/14/2018,1010.88
5/11/2018,1005.88
5/10/2018,996.35
5/9/2018,989.2
5/8/2018,983.53
5/7/2018,988.7
5/4/2018,994.25
5/3/2018,983.95
5/2/2018,984.75
4/30/2018,972.15
4/27/2018,961.7
4/26/2018,965.13
4/25/2018,960.38
4/24/2018,967.5
4/23/2018,967.88
4/20/2018,977.95
4/19/2018,969.5
4/18/2018,966.3
4/17/2018,974.25
4/16/2018,971.05
4/13/2018,962.5
4/12/2018,964.4
4/11/2018,959.43
4/10/2018,960.43
4/9/2018,969.53
4/6/2018,961.7
4/5/2018,954.45
4/4/2018,941.63
4/3/2018,957.95
4/2/2018,965.6
3/28/2018,943.05
3/27/2018,946.3
3/26/2018,946.73
3/23/2018,920.78
3/22/2018,933.88
3/21/2018,929.45
3/20/2018,919.75
3/19/2018,923.63
3/16/2018,926.5
3/15/2018,940.4
3/14/2018,932.25
3/13/2018,930.13
3/12/2018,933.63
3/9/2018,925.53
3/8/2018,926.43
3/7/2018,916.3
3/6/2018,923.13
3/5/2018,934.98
3/1/2018,937.18
2/28/2018,942.1
2/27/2018,951.28
2/26/2018,955.78
2/23/2018,940.28
2/22/2018,926.6
2/21/2018,928.7
2/20/2018,931.6
2/19/2018,939.1
2/16/2018,939.3
2/15/2018,940.95
2/14/2018,941.58
2/12/2018,938.33
2/9/2018,924.75
2/8/2018,940.48
2/7/2018,936.4
2/6/2018,948.4
2/5/2018,956.93
2/2/2018,974
2/1/2018,995.58
1/31/2018,1002.85
1/30/2018,997.75
1/29/2018,999.83
1/25/2018,987.48
1/24/2018,978.83
1/23/2018,975.65
1/22/2018,981.68
1/19/2018,976.1
1/18/2018,967.15
1/17/2018,945.25
1/16/2018,950.08
1/15/2018,948.88
1/12/2018,932.65
1/11/2018,936.28
1/10/2018,932.1
1/9/2018,931.85
1/8/2018,930.3
1/5/2018,931.8
1/4/2018,929.95
1/3/2018,926.33
1/2/2018,936.18
1/1/2018,927.25
12/29/2017,936.2
12/28/2017,939.03
12/27/2017,928.38
12/26/2017,934.18
12/22/2017,938.33
12/21/2017,934.15
12/20/2017,934.08
12/19/2017,942.25
12/18/2017,939.48
12/15/2017,936.73
12/14/2017,919.03
12/13/2017,910.68
12/12/2017,909.95
12/11/2017,923.2
12/8/2017,920.2
12/7/2017,904.83
12/6/2017,901.65
12/5/2017,910.23
12/4/2017,917.05
12/1/2017,924.1
11/30/2017,926.85
11/29/2017,936.65
11/28/2017,932.68
11/27/2017,928.78
11/24/2017,925.7
11/23/2017,921.43
11/22/2017,927.63
11/21/2017,923.13
11/20/2017,919.08
11/17/2017,912.78
11/16/2017,903.85
11/15/2017,900.13
11/14/2017,901.18
11/13/2017,906.78
11/10/2017,911
11/9/2017,913.93
11/8/2017,912.98
11/7/2017,911.85
11/6/2017,914.3
11/3/2017,915.35
11/2/2017,911.05
11/1/2017,910.6
10/31/2017,904.25
10/30/2017,907.5
10/27/2017,895.53
10/26/2017,897.68
10/25/2017,897.55
10/24/2017,933.55
10/23/2017,931.65
10/19/2017,924.2
10/18/2017,934.25
10/17/2017,925.63
10/16/2017,928.58
10/13/2017,925.4
10/12/2017,909.4
10/11/2017,895.08
10/10/2017,901.35
10/9/2017,897.75
10/6/2017,900.05
10/5/2017,899.3
10/4/2017,898.5
10/3/2017,904.43
9/29/2017,902.85
9/28/2017,897.65
9/27/2017,888.25
9/26/2017,896.15
9/25/2017,899.88
9/22/2017,912.05
9/21/2017,919.55
9/20/2017,924.43
9/19/2017,924.85
9/18/2017,930.23
9/15/2017,924.48
9/14/2017,919.7
9/13/2017,920.93
9/12/2017,917.6
9/11/2017,911.68
9/8/2017,893.83
9/7/2017,883.28
9/6/2017,879.95
9/5/2017,877.68
9/4/2017,875.45
9/1/2017,883.8
8/31/2017,888.23
8/30/2017,884.28
8/29/2017,873.08
8/28/2017,881.13
8/24/2017,881.25
8/23/2017,886.23
8/22/2017,873.5
8/21/2017,871.6
8/18/2017,876.08
8/17/2017,882.7
8/16/2017,890.63
8/14/2017,878.6
8/11/2017,874.53
8/10/2017,880.23
8/9/2017,882.23
8/8/2017,888.95
8/7/2017,894.28
8/4/2017,895.13
8/3/2017,889.98
8/2/2017,895.83
8/1/2017,898.6
7/31/2017,892.2
7/28/2017,889.25
7/27/2017,894.83
7/26/2017,873.78
7/25/2017,869.83
7/24/2017,867.55
7/21/2017,851.53
7/20/2017,855.45
7/19/2017,846.15
7/18/2017,841.78
7/17/2017,841.18
7/14/2017,839.98
7/13/2017,841.78
7/12/2017,840.63
7/11/2017,840.2
7/10/2017,838.18
7/7/2017,833.6
7/6/2017,829.08
7/5/2017,824.38
7/4/2017,826.68
7/3/2017,829.3
6/30/2017,826.03
6/29/2017,831.53
6/28/2017,833.23
6/27/2017,833.83
6/23/2017,839.33
6/22/2017,849
6/21/2017,849.35
6/20/2017,843.28
6/19/2017,846.45
6/16/2017,834.63
6/15/2017,832.18
6/14/2017,835.6
6/13/2017,838.35
6/12/2017,834.38
6/9/2017,833.4
6/8/2017,822.38
6/7/2017,820.4
6/6/2017,819.48
6/5/2017,817.78
6/2/2017,817.13
6/1/2017,814.3
5/31/2017,818.1
5/30/2017,814.53
5/29/2017,815.95
5/26/2017,813
5/25/2017,808.58
5/24/2017,783.38
5/23/2017,784.55
5/22/2017,788
5/19/2017,780.63
5/18/2017,778.55
5/17/2017,778.58
5/16/2017,779.83
5/15/2017,776.7
5/12/2017,775.83
5/11/2017,773.2
5/10/2017,775.9
5/9/2017,767.88
5/8/2017,767.4
5/5/2017,766.1
5/4/2017,767.4
5/3/2017,772.15
5/2/2017,770.3
4/28/2017,773.25
4/27/2017,784.3
4/26/2017,775.33
4/25/2017,768.53
4/24/2017,766.53
4/21/2017,748.3
4/20/2017,731.08
4/19/2017,724.5
4/18/2017,723.65
4/17/2017,718.4
4/13/2017,720.15
4/12/2017,721.85
4/11/2017,719.75
4/10/2017,717.08
4/7/2017,719.43
4/6/2017,719.25
4/5/2017,716.18
4/3/2017,716.6
3/31/2017,721.28
3/30/2017,733.1
3/29/2017,714.3
3/28/2017,710.1
3/27/2017,704.93
3/24/2017,712.18
3/23/2017,715.45
3/22/2017,715.45
3/21/2017,720.48
3/20/2017,718.05
3/17/2017,712.93
3/16/2017,708.68
3/15/2017,708.3
3/14/2017,705.35
3/10/2017,700.05
3/9/2017,697.1
3/8/2017,696.1
3/7/2017,693.1
3/6/2017,690.38
3/3/2017,688.5
3/2/2017,690.05
3/1/2017,695.83
2/28/2017,695.05
2/27/2017,696.8
2/23/2017,697.15
2/22/2017,699.58
2/21/2017,707.78
2/20/2017,704.55
2/17/2017,688.53
2/16/2017,663.95
2/15/2017,661.1
2/14/2017,655.55
2/13/2017,655.1
2/10/2017,651.8
2/9/2017,648.83
2/8/2017,652.83
2/7/2017,653.58
2/6/2017,657.05
2/3/2017,655.53
2/2/2017,649.35
2/1/2017,652.85
1/31/2017,643.33
1/30/2017,642.48
1/27/2017,645.95
1/25/2017,645.3
1/24/2017,633.78
1/23/2017,622.33
1/20/2017,618.18
1/19/2017,618.15
1/18/2017,621.3
1/17/2017,619.25
1/16/2017,623.83
1/13/2017,616.25
1/12/2017,617.5
1/11/2017,617
1/10/2017,607.18
1/9/2017,597.6
1/6/2017,596.83
1/5/2017,593.1
1/4/2017,592.75
1/3/2017,594.95
1/2/2017,598.55
12/30/2016,603.1
12/29/2016,602.6
12/28/2016,593.38
12/27/2016,592.6
12/26/2016,587.5
12/23/2016,593.13
12/22/2016,586.55
12/21/2016,590
12/20/2016,590.95
12/19/2016,588.38
12/16/2016,591.15
12/15/2016,588.3
12/14/2016,587.85
12/13/2016,593.13
12/12/2016,592.23
12/9/2016,599.15
12/8/2016,599.75
12/7/2016,590.8
12/6/2016,597.23
12/5/2016,598.18
12/2/2016,594.55
12/1/2016,598.63
11/30/2016,599.8
11/29/2016,589.38
11/28/2016,592.23
11/25/2016,594.65
11/24/2016,582.75
11/23/2016,592.38
11/22/2016,599.03
11/21/2016,599.35
11/18/2016,605.7
11/17/2016,615.1
11/16/2016,622.18
11/15/2016,627.38
11/11/2016,637.9
11/10/2016,639.28
11/9/2016,625.63
11/8/2016,627.15
11/7/2016,624.73
11/4/2016,621.85
11/3/2016,627.48
11/2/2016,623.08
11/1/2016,629.9
10/30/2016,626.65
10/28/2016,629.53
10/27/2016,626.05
10/26/2016,619.65
10/25/2016,625.15
10/24/2016,631.78
10/21/2016,635.35
10/20/2016,627.75
10/19/2016,629.18
10/18/2016,628.93
10/17/2016,618.85
10/14/2016,630.9
10/13/2016,631.38
10/10/2016,642.18
10/7/2016,640.3
10/6/2016,640.98
10/5/2016,643.05
10/4/2016,644.78
10/3/2016,643.6
9/30/2016,636.43
9/29/2016,638.75
9/28/2016,647.63
9/27/2016,649.03
9/26/2016,648.08
9/23/2016,656.35
9/22/2016,653.45
9/21/2016,646.5
9/20/2016,644.23
9/19/2016,645.08
9/16/2016,648.93
9/15/2016,639.8
9/14/2016,634.73
9/12/2016,639.95
9/9/2016,645.2
9/8/2016,644.7
9/7/2016,643.38
9/6/2016,650.2
9/2/2016,642.55
9/1/2016,641.85
8/31/2016,645.6
8/30/2016,634.33
8/29/2016,619.05
8/26/2016,628.55
8/25/2016,629.28
8/24/2016,630.9
8/23/2016,625.73
8/22/2016,625.15
8/19/2016,623.55
8/18/2016,626.25
8/17/2016,617.45
8/16/2016,613.65
8/12/2016,614.35
8/11/2016,614.13
8/10/2016,613.45
8/9/2016,623.6
8/8/2016,624.8
8/5/2016,624.63
8/4/2016,620.5
8/3/2016,620.23
8/2/2016,621.65
8/1/2016,621.15
7/29/2016,623.1
7/28/2016,624.23
7/27/2016,618.48
7/26/2016,619.4
7/25/2016,623.48
7/22/2016,615.4
7/21/2016,614.3
7/20/2016,616.1
7/19/2016,609.18
7/18/2016,613.73
7/15/2016,611.85
7/14/2016,600.18
7/13/2016,598.88
7/12/2016,601.08
7/11/2016,599.88
7/8/2016,587.43
7/7/2016,592.83
7/5/2016,582.8
7/4/2016,586.4
7/1/2016,587.25
6/30/2016,588.23
6/29/2016,584.15
6/28/2016,583.48
6/27/2016,579.98
6/24/2016,580.95
6/23/2016,595.05
6/22/2016,585.75
6/21/2016,583.33
6/20/2016,586.03
6/17/2016,585
6/16/2016,581.08
6/15/2016,584.78
6/14/2016,575.93
6/13/2016,576.45
6/10/2016,580.68
6/9/2016,579.7
6/8/2016,581.3
6/7/2016,586.85
6/6/2016,585.55
6/3/2016,585.88
6/2/2016,587.48
6/1/2016,587.58
5/31/2016,590.95
5/30/2016,589.88
5/27/2016,593.4
5/26/2016,591.63
5/25/2016,586.65
5/24/2016,569.98
5/23/2016,568.38
5/20/2016,570.45
5/19/2016,569.65
5/18/2016,570.33
5/17/2016,576.73
5/16/2016,581.4
5/13/2016,570.45
5/12/2016,574.55
5/11/2016,569.4
5/10/2016,572.45
5/9/2016,570.7
5/6/2016,559.83
5/5/2016,566.15
5/4/2016,563.68
5/3/2016,559
5/2/2016,558.83
4/29/2016,566.18
4/28/2016,556.98
4/27/2016,562.1
4/26/2016,556.93
4/25/2016,546.63
4/22/2016,546.08
4/21/2016,545.58
4/20/2016,548.93
4/18/2016,543.9
4/13/2016,540.88
4/12/2016,531.5
4/11/2016,535.48
4/8/2016,529.68
4/7/2016,527.75
4/6/2016,530.75
4/5/2016,528.73
4/4/2016,534.53
4/1/2016,532.23
3/31/2016,535.58
3/30/2016,532.48
3/29/2016,526.9
3/28/2016,523.75
3/23/2016,524.68
3/22/2016,526.93
3/21/2016,522.8
3/18/2016,514.2
3/17/2016,509.2
3/16/2016,515.23
3/15/2016,513.35
3/14/2016,513.78
3/11/2016,514.35
3/10/2016,510.63
3/9/2016,512.4
3/8/2016,507.08
3/4/2016,510.28
3/3/2016,507.93
3/2/2016,503.6
3/1/2016,492.08
2/29/2016,485.93
2/26/2016,480.5
2/25/2016,471.33
2/24/2016,474.8
2/23/2016,485.03
2/22/2016,494.38
2/19/2016,494.65
2/18/2016,494.73
2/17/2016,487.45
2/16/2016,486.73
2/15/2016,486.8
2/12/2016,485.7
2/11/2016,487.65
2/10/2016,506.48
2/9/2016,513.03
2/8/2016,517.93
2/5/2016,527.63
2/4/2016,524.6
2/3/2016,521.93
2/2/2016,526.9
2/1/2016,529.88
1/29/2016,524.93
1/28/2016,515.85
1/27/2016,517.83
1/25/2016,520.58
1/22/2016,515.15
1/21/2016,511.5
1/20/2016,509.15
1/19/2016,517.9
1/18/2016,512.93
1/15/2016,521.08
1/14/2016,524.88
1/13/2016,530.08
1/12/2016,523.48
1/11/2016,529.3
1/8/2016,531.18
1/7/2016,528.1
1/6/2016,533.55
1/5/2016,531.2
1/4/2016,535.25
1/1/2016,544.38
12/31/2015,541.08
12/30/2015,537.15
12/29/2015,538.98
12/28/2015,538.63
12/24/2015,537
12/23/2015,537.05
12/22/2015,533.23
12/21/2015,537.7
12/18/2015,536.5
12/17/2015,540.13
12/16/2015,533.65
12/15/2015,529.73
12/14/2015,527.53
12/11/2015,523.18
12/10/2015,530.3
12/9/2015,523.73
12/8/2015,524.63
12/7/2015,530.98
12/4/2015,529.45
12/3/2015,538.38
12/2/2015,538.9
12/1/2015,541.5
11/30/2015,538.88
11/27/2015,539.7
11/26/2015,531.98
11/24/2015,532.18
11/23/2015,533.03
11/20/2015,535.43
11/19/2015,534.45
11/18/2015,524.3
11/17/2015,530.4
11/16/2015,530.48
11/13/2015,526.03
11/11/2015,527.2
11/10/2015,527.3
11/9/2015,532.4
11/6/2015,540.45
11/5/2015,539.93
11/4/2015,540.85
11/3/2015,542.45
11/2/2015,541.55
10/30/2015,549.8
10/29/2015,551.78
10/28/2015,555.75
10/27/2015,555.45
10/26/2015,550.75
10/23/2015,554.25
10/21/2015,547.5
10/20/2015,547.45
10/19/2015,548.9
10/16/2015,550.03
10/15/2015,542.08
10/14/2015,542.38
10/13/2015,538.18
10/12/2015,540.28
10/9/2015,543.08
10/8/2015,541.55
10/7/2015,543.88
10/6/2015,542.98
10/5/2015,549.18
10/1/2015,533.83
9/30/2015,534.4
9/29/2015,532.4
9/28/2015,523.2
9/24/2015,525.7
9/23/2015,524.6
9/22/2015,515.33
9/21/2015,526.48
9/18/2015,524.88
9/16/2015,511.68
9/15/2015,506.58
9/14/2015,509.85
9/11/2015,505.25
9/10/2015,505.5
9/9/2015,508.15
9/8/2015,502.03
9/7/2015,492.23
9/4/2015,498.03
9/3/2015,505.15
9/2/2015,497.58
9/1/2015,500.05
8/31/2015,513.73
8/28/2015,513.98
8/27/2015,511.05
8/26/2015,506.75
8/25/2015,509.23
8/24/2015,509.53
8/21/2015,530.65
8/20/2015,537.35
8/19/2015,540.93
8/18/2015,543.18
8/17/2015,545.75
8/14/2015,550.9
8/13/2015,538.78
8/12/2015,535.23
8/11/2015,547.35
8/10/2015,547.33
8/7/2015,546.33
8/6/2015,547.98
8/5/2015,546.1
8/4/2015,543.23
8/3/2015,547.7
7/31/2015,555.83
7/30/2015,555.28
7/29/2015,554.18
7/28/2015,554.25
7/27/2015,547.93
7/24/2015,553.93
7/23/2015,553.95
7/22/2015,557.2
7/21/2015,549.03
7/20/2015,557.63
7/17/2015,555.28
7/16/2015,557.35
7/15/2015,548.35
7/14/2015,545.93
7/13/2015,548.08
7/10/2015,545.38
7/9/2015,537.03
7/8/2015,534.43
7/7/2015,543.43
7/6/2015,541.75
7/3/2015,537.13
7/2/2015,529.1
7/1/2015,536.18
6/30/2015,533.58
6/29/2015,528.33
6/26/2015,531.43
6/25/2015,532.5
6/24/2015,522.9
6/23/2015,526.05
6/22/2015,523.58
6/19/2015,515.25
6/18/2015,509.8
6/17/2015,502.35
6/16/2015,504.2
6/15/2015,502.6
6/12/2015,504.58
6/11/2015,500.1
6/10/2015,507.8
6/9/2015,500.93
6/8/2015,501.73
6/5/2015,505.88
6/4/2015,507.48
6/3/2015,502.78
6/2/2015,504.4
6/1/2015,518.1
5/29/2015,525.28
5/28/2015,514.7
5/27/2015,519.08
5/26/2015,513.7
5/25/2015,511.78
5/22/2015,512.15
5/21/2015,512.35
5/20/2015,512.03
5/19/2015,503.78
5/18/2015,504.93
5/15/2015,495.05
5/14/2015,495.53
5/13/2015,495.13
5/12/2015,485.98
5/11/2015,495.15
5/8/2015,491
5/7/2015,475.65
5/6/2015,485.3
5/5/2015,493.83
5/4/2015,500.48
4/30/2015,494.4
4/29/2015,496.58
4/28/2015,502.28
4/27/2015,502.73
4/24/2015,503.23
4/23/2015,506.75
4/22/2015,506.55
4/21/2015,501.5
4/20/2015,502.55
4/17/2015,509.13
4/16/2015,514.83
4/15/2015,515.83
4/13/2015,519.4
4/10/2015,521.33
4/9/2015,528.05
4/8/2015,517.78
4/7/2015,516.38
4/6/2015,515.98
4/1/2015,516.63
3/31/2015,511.35
3/30/2015,518.45
3/27/2015,507.33
3/26/2015,503.48
3/25/2015,517.13
3/24/2015,518.98
3/23/2015,523.88
3/20/2015,527.95
3/19/2015,526.1
3/18/2015,531.78
3/17/2015,529.03
3/16/2015,525.78
3/13/2015,521.33
3/12/2015,527.3
3/11/2015,528.23
3/10/2015,526.28
3/9/2015,529.5
3/5/2015,542.55
3/4/2015,532.65
3/3/2015,541.68
3/2/2015,541.28
2/28/2015,535.6
2/27/2015,527
2/26/2015,519.08
2/25/2015,526.23
2/24/2015,533.83
2/23/2015,533.75
2/20/2015,536.53
2/19/2015,539.9
2/18/2015,537.4
2/16/2015,533.78
2/13/2015,532.9
2/12/2015,538
2/11/2015,529.2
2/10/2015,527.23
2/9/2015,520.05
2/6/2015,526.75
2/5/2015,538.25
2/4/2015,533.85
2/3/2015,532.05
2/2/2015,540.8
1/30/2015,538.68
1/29/2015,547.5
1/28/2015,529.18
1/27/2015,537.03
1/23/2015,521.4
1/22/2015,510.63
1/21/2015,509.98
1/20/2015,510.48
1/19/2015,502.28
1/16/2015,500.68
1/15/2015,496.58
1/14/2015,481.95
1/13/2015,481.68
1/12/2015,483.53
1/9/2015,487.83
1/8/2015,482.43
1/7/2015,472.5
1/6/2015,471.13
1/5/2015,478.58
1/2/2015,482.65
1/1/2015,476.03
12/31/2014,475.8
12/30/2014,478.23
12/29/2014,475.85
12/26/2014,474.33
12/24/2014,472.63
12/23/2014,479.88
12/22/2014,481.85
12/19/2014,470.73
12/18/2014,467.03
12/17/2014,460.93
12/16/2014,462.88
12/15/2014,470.75
12/12/2014,465.75
12/11/2014,466.8
12/10/2014,465.7
12/9/2014,463.38
12/8/2014,463.58
12/5/2014,471.38
12/4/2014,470.7
12/3/2014,466.55
12/2/2014,471.65
12/1/2014,475
11/28/2014,478.58
11/27/2014,474.08
11/26/2014,475.65
11/25/2014,476.78
11/24/2014,472.6
11/21/2014,466.43
11/20/2014,459.1
11/19/2014,463.28
11/18/2014,466.1
11/17/2014,459.48
11/14/2014,465.05
11/13/2014,457.98
11/12/2014,455.88
11/11/2014,453.95
11/10/2014,452.33
11/7/2014,449.73
11/5/2014,456.4
11/3/2014,455.35
10/31/2014,455.93
10/30/2014,448.33
10/29/2014,445.78
10/28/2014,447.65
10/27/2014,448.63
10/23/2014,448.23
10/22/2014,446.83
10/21/2014,447.78
10/20/2014,446.9
10/17/2014,442.63
10/16/2014,429.43
10/14/2014,434.18
10/13/2014,438.4
10/10/2014,433.65
10/9/2014,443.8
10/8/2014,433.8
10/7/2014,431.23
10/1/2014,434
9/30/2014,436.33
9/29/2014,432.55
9/26/2014,435.83
9/25/2014,424.98
9/24/2014,427.73
9/23/2014,424.43
9/22/2014,428.43
9/19/2014,430.13
9/18/2014,429.08
9/17/2014,423.2
9/16/2014,425.5
9/15/2014,430.18
9/12/2014,427.85
9/11/2014,427.18
9/10/2014,428.65
9/9/2014,432.8
9/8/2014,432.38
9/5/2014,424.23
9/4/2014,425.93
9/3/2014,428.33
9/2/2014,429.6
9/1/2014,420.6
8/28/2014,421.78
8/27/2014,418.3
8/26/2014,421.25
8/25/2014,421.73
8/22/2014,423.38
8/21/2014,416.25
8/20/2014,410.28
8/19/2014,411.93
8/18/2014,416.18
8/14/2014,413.35
8/13/2014,406.2
8/12/2014,403.6
8/11/2014,396.48
8/8/2014,398.08
8/7/2014,405.75
8/6/2014,405
8/5/2014,410.1
8/4/2014,406.5
8/1/2014,407.73
7/31/2014,417
7/30/2014,419.4
7/28/2014,414.78
7/25/2014,417.75
7/24/2014,421.13
7/23/2014,418.15
7/22/2014,419.93
7/21/2014,413.73
7/18/2014,416.23
7/17/2014,415.9
7/16/2014,417.88
7/15/2014,413.4
7/14/2014,408.73
7/11/2014,405.9
7/10/2014,411.68
7/9/2014,415.15
7/8/2014,414.63
7/7/2014,420.23
7/4/2014,428.33
7/3/2014,418.4
7/2/2014,419.95
7/1/2014,411.65
6/30/2014,410.78
6/27/2014,408.1
6/26/2014,406.2
6/25/2014,412.05
6/24/2014,414.5
6/23/2014,410.73
6/20/2014,410.98
6/19/2014,412.88
6/18/2014,417.43
6/17/2014,423.28
6/16/2014,419.5
6/13/2014,417.7
6/12/2014,419.93
6/11/2014,410.25
6/10/2014,408.33
6/9/2014,409.73
6/6/2014,407.63
6/5/2014,402.73
6/4/2014,408.35
6/3/2014,412.18
6/2/2014,409.7
5/30/2014,396.38
5/29/2014,405.13
5/28/2014,411.73
5/27/2014,402.45
5/26/2014,398.58
5/23/2014,394.83
5/22/2014,401.3
5/21/2014,404.75
5/20/2014,408.03
5/19/2014,405.95
5/16/2014,402.35
5/15/2014,394.18
5/14/2014,387.73
5/13/2014,394.08
5/12/2014,396.08
5/9/2014,378.4
5/8/2014,359.15
5/7/2014,357.8
5/6/2014,360.1
5/5/2014,358.35
5/2/2014,358.55
4/30/2014,360.65
4/29/2014,357.9
4/28/2014,362.6
4/25/2014,363.2
4/23/2014,366.5
4/22/2014,363.78
4/21/2014,358.23
4/17/2014,359.35
4/16/2014,362.98
4/15/2014,361.98
4/11/2014,369.08
4/10/2014,369.7
4/9/2014,370.93
4/7/2014,362.68
4/4/2014,362.73
4/3/2014,364.4
4/2/2014,365.95
4/1/2014,369.05
3/31/2014,374.4
3/28/2014,372.48
3/27/2014,373.38
3/26/2014,373.03
3/25/2014,375.08
3/24/2014,375.33
3/22/2014,366.2
3/21/2014,366.93
3/20/2014,365.1
3/19/2014,369.23
3/18/2014,367
3/14/2014,366.08
3/13/2014,371.18
3/12/2014,362.78
3/11/2014,362.58
3/10/2014,367.23
3/7/2014,355.73
3/6/2014,337.8
3/5/2014,334.88
3/4/2014,335.85
3/3/2014,333.1
2/28/2014,334.8
2/26/2014,338.7
2/25/2014,335.55
2/24/2014,335.5
2/21/2014,332.2
2/20/2014,331.38
2/19/2014,335.03
2/18/2014,330.2
2/17/2014,325.2
2/14/2014,320.9
2/13/2014,316.25
2/12/2014,322.73
2/11/2014,322.4
2/10/2014,321.95
2/7/2014,323.88
2/6/2014,323.5
2/5/2014,318.73
2/4/2014,315.3
2/3/2014,313.25
1/31/2014,314.25
1/30/2014,315.9
1/29/2014,322.73
1/28/2014,322.23
1/27/2014,324.6
1/24/2014,336.7
1/23/2014,339.75
1/22/2014,338.55
1/21/2014,338.05
1/20/2014,335.03
1/17/2014,332.5
1/16/2014,336.53
1/15/2014,340.28
1/14/2014,336.15
1/13/2014,336.43
1/10/2014,331.03
1/9/2014,331.48
1/8/2014,332.35
1/7/2014,332.2
1/6/2014,330.85
1/3/2014,331.55
1/2/2014,328.5
1/1/2014,332.58
12/31/2013,332.93
12/30/2013,334.75
12/27/2013,334.83
12/26/2013,334.53
12/24/2013,328.65
12/23/2013,332.23
12/20/2013,332.3
12/19/2013,326.28
12/18/2013,333.13
12/17/2013,328.8
12/16/2013,342.18
12/13/2013,344.98
12/12/2013,347.6
12/11/2013,347.78
12/10/2013,348.35
12/9/2013,348.33
12/6/2013,341.35
12/5/2013,344.05
12/4/2013,328.8
12/3/2013,327.88
12/2/2013,330.65
11/29/2013,330.65
11/28/2013,326.7
11/27/2013,326.78
11/26/2013,326.48
11/25/2013,329.88
11/22/2013,321.08
11/21/2013,318.83
11/20/2013,324.78
11/19/2013,330.03
11/18/2013,334.4
11/14/2013,321.1
11/13/2013,316.85
11/12/2013,322.98
11/11/2013,327.13
11/8/2013,326.25
11/7/2013,332.7
11/6/2013,334.45
11/5/2013,338.13
11/3/2013,340.23
11/1/2013,341.9
10/31/2013,340.4
10/30/2013,339.68
10/29/2013,343.25
10/28/2013,333.95
10/25/2013,336.28
10/24/2013,334.65
10/23/2013,330.1
10/22/2013,334.5
10/21/2013,335.63
10/18/2013,338.3
10/17/2013,327.1
10/15/2013,326.23
10/14/2013,333.75
10/11/2013,330.65
10/10/2013,320.53
10/9/2013,324.58
10/8/2013,316.33
10/7/2013,317.15
10/4/2013,320.23
10/3/2013,318.1
10/1/2013,305.83
9/30/2013,296.53
9/27/2013,304.45
9/26/2013,310.58
9/25/2013,310.3
9/24/2013,319.23
9/23/2013,320.98
9/20/2013,329.53
9/19/2013,341.6
9/18/2013,325.25
9/17/2013,321.13
9/16/2013,321.4
9/13/2013,314.6
9/12/2013,316.98
9/11/2013,323.63
9/10/2013,319
9/6/2013,308.1
9/5/2013,304.75
9/4/2013,282.03
9/3/2013,281.28
9/2/2013,294.75
8/30/2013,297
8/29/2013,286.03
8/28/2013,280.98
8/27/2013,280.95
8/26/2013,305.65
8/23/2013,303.78
8/22/2013,294.35
8/21/2013,296.68
8/20/2013,292.38
8/19/2013,292.35
8/16/2013,293.95
8/14/2013,310.68
8/13/2013,310.25
8/12/2013,301.1
8/8/2013,305.25
8/7/2013,300.6
8/6/2013,304.33
8/5/2013,316.35
8/2/2013,315.63
8/1/2013,316.1
7/31/2013,304.88
7/30/2013,312.68
7/29/2013,316.25
7/26/2013,322.05
7/25/2013,326.93
7/24/2013,329.98
7/23/2013,341.8
7/22/2013,341.03
7/19/2013,340
7/18/2013,342.05
7/17/2013,331.45
7/16/2013,339.35
7/15/2013,347.73
7/12/2013,347.88
7/11/2013,341.63
7/10/2013,329.65
7/9/2013,335.15
7/8/2013,330.23
7/5/2013,333.88
7/4/2013,327.58
7/3/2013,325.33
7/2/2013,328.28
7/1/2013,334.38
6/28/2013,334.75
6/27/2013,323.25
6/26/2013,311.43
6/25/2013,317
6/24/2013,312.68
6/21/2013,317.63
6/20/2013,318.3
6/19/2013,332.6
6/18/2013,328.73
6/17/2013,333.68
6/14/2013,332.53
6/13/2013,327.55
6/12/2013,331.98
6/11/2013,332.45
6/10/2013,338.18
6/7/2013,338.08
6/6/2013,341.1
6/5/2013,343.98
6/4/2013,341.53
6/3/2013,344.58
5/31/2013,350.25
5/30/2013,362.58
5/29/2013,357.98
5/28/2013,356.65
5/27/2013,357.53
5/24/2013,350.68
5/23/2013,349.3
5/22/2013,351.73
5/21/2013,353.9
5/20/2013,357.25
5/17/2013,359.45
5/16/2013,361.4
5/15/2013,357.43
5/14/2013,344.53
5/13/2013,346.38
5/11/2013,351.4
5/10/2013,351.68
5/9/2013,345.03
5/8/2013,348.58
5/7/2013,344.03
5/6/2013,337.75
5/3/2013,340.48
5/2/2013,346.25
4/30/2013,341.15
4/29/2013,347.58
4/26/2013,344.55
4/25/2013,344.78
4/23/2013,344.5
4/22/2013,349.15
4/18/2013,336.8
4/17/2013,330.05
4/16/2013,331.68
4/15/2013,320.78
4/12/2013,321.85
4/11/2013,319.63
4/10/2013,316
4/9/2013,310.3
4/8/2013,312.23
4/5/2013,310.48
4/4/2013,308.08
4/3/2013,311.83
4/2/2013,314.95
4/1/2013,311.93
3/28/2013,312.68
3/26/2013,307.25
3/25/2013,304.7
3/22/2013,302.63
3/21/2013,303.5
3/20/2013,312.75
3/19/2013,315.78
3/18/2013,321.65
3/15/2013,319.7
3/14/2013,324.63
3/13/2013,317.45
3/12/2013,322
3/11/2013,327.63
3/8/2013,328.65
3/7/2013,320.9
3/6/2013,315.25
3/5/2013,316.48
3/4/2013,313.83
3/1/2013,311.25
2/28/2013,312.68
2/27/2013,321.38
2/26/2013,325.63
2/25/2013,328.23
2/22/2013,329.65
2/21/2013,333.13
2/20/2013,338.48
2/19/2013,337.4
2/18/2013,338
2/15/2013,338.38
2/14/2013,337.4
2/13/2013,332.1
2/12/2013,332.6
2/11/2013,328.48
2/8/2013,325.03
2/7/2013,320.75
2/6/2013,319.75
2/5/2013,322.08
2/4/2013,323.45
2/1/2013,320.08
1/31/2013,321.53
1/30/2013,328.33
1/29/2013,326.23
1/28/2013,335.18
1/25/2013,332.53
1/24/2013,330.15
1/23/2013,328.3
1/22/2013,326.88
1/21/2013,329.28
1/18/2013,331.43
1/17/2013,333.4
1/16/2013,330.25
1/15/2013,334.15
1/14/2013,334.65
1/11/2013,334.65
1/10/2013,337.9
1/9/2013,333.75
1/8/2013,335.13
1/7/2013,334.1
1/4/2013,339.68
1/3/2013,341.68
1/2/2013,343.68
1/1/2013,342.25
12/31/2012,339.3
12/28/2012,338.83
12/27/2012,340.05
12/26/2012,340.15
12/24/2012,338.05
12/21/2012,338
12/20/2012,341.7
12/19/2012,344
12/18/2012,337.98
12/17/2012,338.25
12/14/2012,344.38
12/13/2012,345.53
12/12/2012,346.93
12/11/2012,345.43
12/10/2012,346.5
12/7/2012,346.55
12/6/2012,347.38
12/5/2012,346.3
12/4/2012,342.58
12/3/2012,343.48
11/30/2012,351.98
11/29/2012,349.93
11/27/2012,340.25
11/26/2012,330.95
11/23/2012,334.88
11/22/2012,334.55
11/21/2012,331.85
11/20/2012,326.93
11/19/2012,323.38
11/16/2012,321.13
11/15/2012,323.13
11/13/2012,323.53
11/12/2012,325.65
11/9/2012,319.68
11/8/2012,319.5
11/7/2012,320.03
11/6/2012,319.78
11/5/2012,317.5
11/2/2012,315.15
11/1/2012,314.3
10/31/2012,317.1
10/30/2012,316.83
10/29/2012,320.3
10/26/2012,318.58
10/25/2012,318.68
10/23/2012,317.05
10/22/2012,319.5
10/19/2012,314.25
10/18/2012,318.1
10/17/2012,314.05
10/16/2012,315.2
10/15/2012,317.08
10/12/2012,315.58
10/11/2012,312.43
10/10/2012,308.98
10/9/2012,312.88
10/8/2012,310.35
10/5/2012,311.2
10/4/2012,315.65
10/3/2012,309.73
10/1/2012,311.43
9/28/2012,314.58
9/27/2012,315.4
9/26/2012,315.38
9/25/2012,318.45
9/24/2012,317.5
9/21/2012,312.58
9/20/2012,303.45
9/18/2012,302.73
9/17/2012,304.15
9/14/2012,306.38
9/13/2012,299.6
9/12/2012,299.6
9/11/2012,297.2
9/10/2012,295.58
9/8/2012,295.53
9/7/2012,295.2
9/6/2012,294.08
9/5/2012,296.05
9/4/2012,295.05
9/3/2012,295.23
8/31/2012,297.68
8/30/2012,297.95
8/29/2012,294.28
8/28/2012,294.68
8/27/2012,297.18
8/24/2012,298.15
8/23/2012,298.85
8/22/2012,298.45
8/21/2012,298.2
8/17/2012,297.55
8/16/2012,300.03
8/14/2012,304.08
8/13/2012,303.73
8/10/2012,301.08
8/9/2012,302.33
8/8/2012,299.45
8/7/2012,300.05
8/6/2012,300.13
8/3/2012,294.1
8/2/2012,291.25
8/1/2012,293.25
7/31/2012,293.88
7/30/2012,293.63
7/27/2012,292.3
7/26/2012,282.9
7/25/2012,288.03
7/24/2012,287.03
7/23/2012,286.5
7/20/2012,291.3
7/19/2012,294.7
7/18/2012,293.5
7/17/2012,291.63
7/16/2012,291.33
7/13/2012,293.53
7/12/2012,290.05
7/11/2012,293.5
7/10/2012,294.33
7/9/2012,289.08
7/6/2012,290.75
7/5/2012,292.05
7/4/2012,289
7/3/2012,287.93
7/2/2012,286.98
6/29/2012,281.78
6/28/2012,274.25
6/27/2012,274.5
6/26/2012,271.73
6/25/2012,268.35
6/22/2012,272.18
6/21/2012,271.45
6/20/2012,267.1
6/19/2012,268.23
6/18/2012,267.48
6/15/2012,273.78
6/14/2012,267.2
6/13/2012,270.88
6/12/2012,274.8
6/11/2012,270.98
6/8/2012,269.55
6/7/2012,268.9
6/6/2012,259.95
6/5/2012,250.75
6/4/2012,247.83
6/1/2012,245.2
5/31/2012,253.1
5/30/2012,250.33
5/29/2012,252.48
5/28/2012,254.38
5/25/2012,250
5/24/2012,249.85
5/23/2012,243.6
5/22/2012,244.63
5/21/2012,248.73
5/18/2012,250.28
5/17/2012,248.9
5/16/2012,247.6
5/15/2012,249.55
5/14/2012,250.28
5/11/2012,255.28
5/10/2012,258.75
5/9/2012,256.33
5/8/2012,257.68
5/7/2012,266.13
5/4/2012,268.75
5/3/2012,277.03
5/2/2012,274.95
4/30/2012,271.25
4/28/2012,271.78
4/27/2012,270.58
4/26/2012,270.25
4/25/2012,273.33
4/24/2012,270.93
4/23/2012,272.68
4/20/2012,275.55
4/19/2012,277.03
4/18/2012,268.83
4/17/2012,265.13
4/16/2012,264.88
4/13/2012,264.68
4/12/2012,265.2
4/11/2012,263.23
4/10/2012,262.43
4/9/2012,260.88
4/4/2012,263.28
4/3/2012,265.1
4/2/2012,264.18
3/30/2012,259.93
3/29/2012,255.05
3/28/2012,256.73
3/27/2012,259.43
3/26/2012,255.83
3/23/2012,256.98
3/22/2012,252.13
3/21/2012,257.83
3/20/2012,252.7
3/19/2012,249.43
3/16/2012,253.93
3/15/2012,255.4
3/14/2012,264.1
3/13/2012,262.2
3/12/2012,259.48
3/9/2012,261.6
3/7/2012,257.83
3/6/2012,253.7
3/5/2012,255.48
3/3/2012,259.65
3/2/2012,259.38
3/1/2012,257
2/29/2012,258.55
2/28/2012,265.25
2/27/2012,257.8
2/24/2012,262.33
2/23/2012,266.58
2/22/2012,265.73
2/21/2012,266.03
2/17/2012,264.15
2/16/2012,263.23
2/15/2012,266.53
2/14/2012,258.95
2/13/2012,260.98
2/10/2012,258.75
2/9/2012,261.28
2/8/2012,254.23
2/7/2012,254.65
2/6/2012,253.85
2/3/2012,253.13
2/2/2012,248.95
2/1/2012,248.58
1/31/2012,246.05
1/30/2012,239.53
1/27/2012,242.1
1/25/2012,245.1
1/24/2012,244.4
1/23/2012,242
1/20/2012,245.28
1/19/2012,243.4
1/18/2012,240.95
1/17/2012,234.2
1/16/2012,230.25
1/13/2012,234.8
1/12/2012,233.33
1/11/2012,231.33
1/10/2012,229.85
1/9/2012,227.85
1/7/2012,225.48
1/6/2012,226.65
1/5/2012,221.83
1/4/2012,221.65
1/3/2012,219.58
1/2/2012,213.43
12/30/2011,213.43
12/29/2011,214.8
12/28/2011,219.9
12/27/2011,219.85
12/26/2011,221.85
12/23/2011,218.78
12/22/2011,221.43
12/21/2011,217.73
12/20/2011,207.1
12/19/2011,203
12/16/2011,207.65
12/15/2011,215.68
12/14/2011,217.18
12/13/2011,219.2
12/12/2011,216.03
12/9/2011,221.88
12/8/2011,226.88
12/7/2011,233.55
12/5/2011,231.18
12/2/2011,233
12/1/2011,226.75
11/30/2011,221.25
11/29/2011,217.6
11/28/2011,220.43
11/25/2011,215.45
11/24/2011,214.83
11/23/2011,213.05
11/22/2011,222.03
11/21/2011,222.33
11/18/2011,229.15
11/17/2011,229.68
11/16/2011,232.85
11/15/2011,236.13
11/14/2011,235.7
11/11/2011,232.03
11/9/2011,238.63
11/8/2011,242.13
11/4/2011,241.5
11/3/2011,240.93
11/2/2011,241.55
11/1/2011,241.15
10/31/2011,245
10/28/2011,241.33
10/26/2011,236
10/25/2011,234
10/24/2011,242.18
10/21/2011,243.5
10/20/2011,244.78
10/19/2011,245.93
10/18/2011,239.08
10/17/2011,239.03
10/14/2011,236.95
10/13/2011,235.33
10/12/2011,233.58
10/11/2011,228.75
10/10/2011,227.35
10/7/2011,225
10/5/2011,219.35
10/4/2011,224.45
10/3/2011,228.03
9/30/2011,233.83
9/29/2011,235.3
9/28/2011,229
9/27/2011,228.73
9/26/2011,225.05
9/23/2011,228.2
9/22/2011,236.15
9/21/2011,247.25
9/20/2011,245.68
9/19/2011,242.38
9/16/2011,241.85
9/15/2011,242.33
9/14/2011,239.45
9/13/2011,233.85
9/12/2011,234.68
9/9/2011,236.63
9/8/2011,241.85
9/7/2011,244.05
9/6/2011,236.4
9/5/2011,235.13
9/2/2011,236.4
8/30/2011,235.98
8/29/2011,228.23
8/26/2011,219.48
8/25/2011,221.83
8/24/2011,228
8/23/2011,229.7
8/22/2011,226.53
8/19/2011,230.43
8/18/2011,231.2
8/17/2011,233.75
8/16/2011,228.23
8/12/2011,234.03
8/11/2011,239.98
8/10/2011,239.95
8/9/2011,232.23
8/8/2011,231.05
8/5/2011,236.53
8/4/2011,238.23
8/3/2011,241.03
8/2/2011,241.43
8/1/2011,244
7/29/2011,243.4
7/28/2011,243.65
7/27/2011,251.03
7/26/2011,249.08
7/25/2011,252.6
7/22/2011,250.78
7/21/2011,248.15
7/20/2011,251.55
7/19/2011,255.43
7/18/2011,257.53
7/15/2011,254.48
7/14/2011,252.98
7/13/2011,251.97
7/12/2011,247.98
7/11/2011,252.44
7/8/2011,255.92
7/7/2011,256.58
7/6/2011,254.53
7/5/2011,254.12
7/4/2011,253.22
7/1/2011,250.13
6/30/2011,251.56
6/29/2011,248.91
6/28/2011,242.31
6/27/2011,241.62
6/24/2011,238.32
6/23/2011,233.38
6/22/2011,232.27
6/21/2011,232.56
6/20/2011,229.9
6/17/2011,234.93
6/16/2011,234.3
6/15/2011,237.28
6/14/2011,238.25
6/13/2011,237.26
6/10/2011,236.25
6/9/2011,236.28
6/8/2011,235.53
6/7/2011,237.65
6/6/2011,238.13
6/3/2011,235.68
6/2/2011,236.03
6/1/2011,239.82
5/31/2011,239.96
5/30/2011,230.76
5/27/2011,230.37
5/26/2011,226.42
5/25/2011,225.48
5/24/2011,225.53
5/23/2011,226.47
5/20/2011,231.57
5/19/2011,227.38
5/18/2011,226.74
5/17/2011,225.25
5/16/2011,225.31
5/13/2011,225.11
5/12/2011,224.02
5/11/2011,226.11
5/10/2011,224.64
5/9/2011,227.89
5/6/2011,229.73
5/5/2011,222.05
5/4/2011,226.15
5/3/2011,223.57
5/2/2011,229.02
4/29/2011,229.56
4/28/2011,233.78
4/27/2011,235.33
4/26/2011,235.99
4/25/2011,239.1
4/21/2011,241.07
4/20/2011,237.2
4/19/2011,234.75
4/18/2011,231.18
4/15/2011,236.31
4/13/2011,236.9
4/11/2011,229.61
4/8/2011,235.24
4/7/2011,235.48
4/6/2011,237.6
4/5/2011,239.58
4/4/2011,240.08
4/1/2011,233.38
3/31/2011,234.59
3/30/2011,234.15
3/29/2011,230.52
3/28/2011,229.68
3/25/2011,226.51
3/24/2011,219.28
3/23/2011,216.42
3/22/2011,215.16
3/21/2011,215.45
3/18/2011,214.93
3/17/2011,218.15
3/16/2011,218.38
3/15/2011,218.47
3/14/2011,221.48
3/11/2011,218.64
3/10/2011,220.84
3/9/2011,220.61
3/8/2011,220.65
3/7/2011,217.32
3/4/2011,221.83
3/3/2011,219.32
3/1/2011,213.9
2/28/2011,205.23
2/25/2011,204.22
2/24/2011,205.91
2/23/2011,211.41
2/22/2011,213.85
2/21/2011,220.17
2/18/2011,217.61
2/17/2011,218.56
2/16/2011,209.49
2/15/2011,210.7
2/14/2011,210.55
2/11/2011,205.93
2/10/2011,201.59
2/9/2011,202.23
2/8/2011,200.29
2/7/2011,203.89
2/4/2011,201.78
2/3/2011,206.1
2/2/2011,201.99
2/1/2011,203.96
1/31/2011,204.73
1/28/2011,205.43
1/27/2011,205.09
1/25/2011,208.43
1/24/2011,214.86
1/21/2011,209.42
1/20/2011,211.76
1/19/2011,207.55
1/18/2011,210.94
1/17/2011,206.81
1/14/2011,204.96
1/13/2011,214.3
1/12/2011,220.53
1/11/2011,214.66
1/10/2011,215.23
1/7/2011,226.95
1/6/2011,232.78
1/5/2011,230.82
1/4/2011,234.56
1/3/2011,239.05
12/31/2010,234.64
12/30/2010,230.55
12/29/2010,232.78
12/28/2010,225.62
12/27/2010,221.37
12/24/2010,221.84
12/23/2010,219.1
12/22/2010,217.88
12/21/2010,221.41
12/20/2010,217.25
12/16/2010,220.08
12/15/2010,216.29
12/14/2010,223.83
12/13/2010,223.9
12/10/2010,222.24
12/9/2010,223.2
12/8/2010,228.05
12/7/2010,235.17
12/6/2010,238.33
12/3/2010,239.57
12/2/2010,239.18
12/1/2010,236.71
11/30/2010,228.54
11/29/2010,229.79
11/26/2010,229.79
11/25/2010,232.31
11/24/2010,231.14
11/23/2010,237.18
11/22/2010,237.99
11/19/2010,230.36
11/18/2010,234.04
11/16/2010,237.26
11/15/2010,238.59
11/12/2010,231.49
11/11/2010,235.33
11/10/2010,239.59
11/9/2010,239.85
11/8/2010,233.54
11/5/2010,239.34
11/4/2010,238.92
11/3/2010,236.23
11/2/2010,235.04
11/1/2010,234.92
10/29/2010,227.99
10/28/2010,226.67
10/27/2010,225.43
10/26/2010,230.14
10/25/2010,230.47
10/22/2010,232.67
10/21/2010,236.51
10/20/2010,233.56
10/19/2010,236.89
10/18/2010,239.85
10/15/2010,238.63
10/14/2010,242.44
10/13/2010,244.13
10/12/2010,238.03
10/11/2010,238.85
10/8/2010,240.58
10/7/2010,243.36
10/6/2010,245.68
10/5/2010,244.78
10/4/2010,249.4
10/1/2010,250.08
9/30/2010,248.94
9/29/2010,244.29
9/28/2010,245.04
9/27/2010,243.85
9/24/2010,249.53
9/23/2010,246.39
9/22/2010,248.17
9/21/2010,247.08
9/20/2010,244.62
9/17/2010,240.06
9/16/2010,239.53
9/15/2010,237.55
9/14/2010,233.42
9/13/2010,228.25
9/9/2010,224.49
9/8/2010,217.96
9/7/2010,219.91
9/6/2010,220.43
9/3/2010,219.4
9/2/2010,218.75
9/1/2010,214.93
8/31/2010,213.43
8/30/2010,213.17
8/27/2010,213.92
8/26/2010,217.84
8/25/2010,219.23
8/24/2010,220.87
8/23/2010,219.66
8/20/2010,223.13
8/19/2010,223.02
8/18/2010,219.2
8/17/2010,212.11
8/16/2010,208.4
8/13/2010,208.76
8/12/2010,207.32
8/11/2010,208.95
8/10/2010,209.52
8/9/2010,208.2
8/6/2010,209.07
8/5/2010,210.03
8/4/2010,211.48
8/3/2010,212.25
8/2/2010,213.64
7/30/2010,212.69
7/29/2010,210.06
7/28/2010,208.61
7/27/2010,206.68
7/26/2010,205.19
7/23/2010,203.86
7/22/2010,205.73
7/21/2010,203.31
7/20/2010,204.44
7/19/2010,204.79
7/16/2010,203.9
7/15/2010,206.26
7/14/2010,208.63
7/13/2010,207.26
7/12/2010,204.95
7/9/2010,200.28
7/8/2010,194.57
7/7/2010,193.73
7/6/2010,196.4
7/5/2010,191.52
7/2/2010,191.29
7/1/2010,190.74
6/30/2010,191.9
6/29/2010,190.44
6/28/2010,195.07
6/25/2010,194.77
6/24/2010,200.16
6/23/2010,199.88
6/22/2010,198.71
6/21/2010,199.89
6/18/2010,199.17
6/17/2010,199.61
6/16/2010,197.61
6/15/2010,196.39
6/14/2010,197.32
6/11/2010,194.63
6/10/2010,191.62
6/9/2010,188.09
6/8/2010,186.27
6/7/2010,187.67
6/4/2010,188.57
6/3/2010,190.56
6/2/2010,185.31
6/1/2010,185.51
5/31/2010,188.85
5/28/2010,189.68
5/27/2010,189.66
5/26/2010,182.78
5/25/2010,180.38
5/24/2010,182.46
5/21/2010,182.66
5/20/2010,185.1
5/19/2010,186.86
5/18/2010,189.58
5/17/2010,192.89
5/14/2010,195.18
5/13/2010,196.54
5/12/2010,197.49
5/11/2010,194.83
5/10/2010,193.42
5/7/2010,184.81
5/6/2010,189.55
5/5/2010,191.64
5/4/2010,193.7
5/3/2010,196.98
4/30/2010,200.05
4/29/2010,198.58
4/28/2010,196.82
4/27/2010,197.96
4/26/2010,198.96
4/23/2010,195.18
4/22/2010,193.42
4/21/2010,194.1
4/20/2010,194.46
4/19/2010,193.41
4/16/2010,196.43
4/15/2010,195.71
4/13/2010,195.17
4/12/2010,195.42
4/9/2010,194.94
4/8/2010,190.28
4/7/2010,193.18
4/6/2010,193.29
4/5/2010,194.85
4/1/2010,193.93
3/31/2010,193.35
3/30/2010,190.69
3/29/2010,196.51
3/26/2010,195.15
3/25/2010,192.62
3/23/2010,188.4
3/22/2010,183.71
3/19/2010,181.99
3/18/2010,180.09
3/17/2010,180.77
3/16/2010,180.46
3/15/2010,181.26
3/12/2010,180.13
3/11/2010,182.7
3/10/2010,181.45
3/9/2010,181.12
3/8/2010,178.42
3/5/2010,178.4
3/4/2010,178.12
3/3/2010,177.67
3/2/2010,174.5
2/26/2010,170.48
2/25/2010,169.11
2/24/2010,170.05
2/23/2010,170.1
2/22/2010,169.66
2/19/2010,169.39
2/18/2010,168.38
2/17/2010,165.6
2/16/2010,160.64
2/15/2010,161.38
2/11/2010,159.8
2/10/2010,159.36
2/9/2010,157.17
2/8/2010,156.74
2/6/2010,157.58
2/5/2010,157.34
2/4/2010,161.68
2/3/2010,162.28
2/2/2010,157.91
2/1/2010,159.98
1/29/2010,163.11
1/28/2010,159.33
1/27/2010,159.72
1/25/2010,165.67
1/22/2010,167.71
1/21/2010,171.17
1/20/2010,175.61
1/19/2010,177.92
1/18/2010,176.67
1/15/2010,169.42
1/14/2010,168.38
1/13/2010,168.93
1/12/2010,169.52
1/11/2010,170.82
1/8/2010,171.51
1/7/2010,171.28
1/6/2010,170.84
1/5/2010,170.72
1/4/2010,170.57
12/31/2009,170.23
12/30/2009,169.25
12/29/2009,169.7
12/24/2009,171.07
12/23/2009,169.04
12/22/2009,164.66
12/21/2009,165.28
12/18/2009,166.41
12/17/2009,167.15
12/16/2009,169.34
12/15/2009,170.08
12/14/2009,175.73
12/11/2009,178.52
12/10/2009,178.51
12/9/2009,180.44
12/8/2009,183.33
12/7/2009,179.74
12/4/2009,178.96
12/3/2009,180.7
12/2/2009,180.71
12/1/2009,178.97
11/30/2009,176.63
11/27/2009,175.04
11/26/2009,176.12
11/25/2009,180.27
11/24/2009,177.69
11/23/2009,176.55
11/20/2009,175.4
11/19/2009,171.96
11/18/2009,174.96
11/17/2009,174.97
11/16/2009,172.36
11/13/2009,172.23
11/12/2009,171.66
11/11/2009,173.59
11/10/2009,170.35
11/9/2009,170.75
11/6/2009,164
11/5/2009,162.34
11/4/2009,162.4
11/3/2009,160.05
10/30/2009,162.07
10/29/2009,161.32
10/28/2009,161.96
10/27/2009,167.01
10/26/2009,169.29
10/23/2009,169.19
10/22/2009,166.6
10/21/2009,166.11
10/20/2009,169.13
10/17/2009,170.32
10/16/2009,171.97
10/15/2009,172.23
10/14/2009,170.22
10/12/2009,170.23
10/9/2009,167.57
10/8/2009,168.74
10/7/2009,167.77
10/6/2009,165.97
10/5/2009,163.41
10/1/2009,164.43
9/30/2009,165.05
9/29/2009,161.14
9/25/2009,160.86
9/24/2009,162.38
9/23/2009,156.96
9/22/2009,154.64
9/18/2009,152.45
9/17/2009,153.49
9/16/2009,151.68
9/15/2009,151.43
9/14/2009,149.38
9/11/2009,149.13
9/10/2009,148.56
9/9/2009,147.55
9/8/2009,145.69
9/7/2009,146.74
9/4/2009,145.43
9/3/2009,143.54
9/2/2009,143.88
9/1/2009,144.61
8/31/2009,147.1
8/28/2009,145.78
8/27/2009,145.7
8/26/2009,146.06
8/25/2009,148.7
8/24/2009,148.47
8/21/2009,146.6
8/20/2009,148.01
8/19/2009,144.98
8/18/2009,144.09
8/17/2009,140.62
8/14/2009,142.73
8/13/2009,142.46
8/12/2009,140.63
8/11/2009,137.92
8/10/2009,137.54
8/7/2009,139.02
8/6/2009,141.36
8/5/2009,144.79
8/4/2009,146.91
8/3/2009,149.35
7/31/2009,149.91
7/30/2009,146.44
7/29/2009,141.87
7/28/2009,142.45
7/27/2009,143.34
7/24/2009,145
7/23/2009,145.91
7/22/2009,144.52
7/21/2009,146.09
7/20/2009,147.38
7/17/2009,143.67
7/16/2009,139.05
7/15/2009,138.18
7/14/2009,136.26
7/13/2009,137.38
7/10/2009,137.89
7/9/2009,139.99
7/8/2009,137.53
7/7/2009,142.73
7/6/2009,142.4
7/3/2009,151.58
7/2/2009,150.05
7/1/2009,150.25
6/30/2009,149.32
6/29/2009,150.78
6/26/2009,149.83
6/25/2009,146.45
6/24/2009,145.77
6/23/2009,148.55
6/22/2009,154.31
6/19/2009,155.89
6/18/2009,152.49
6/17/2009,154.48
6/16/2009,154.62
6/15/2009,153.31
6/12/2009,152.82
6/11/2009,155.65
6/10/2009,150.13
6/9/2009,142.03
6/8/2009,140.01
6/5/2009,141.86
6/4/2009,138.88
6/3/2009,137.08
6/2/2009,139.78
6/1/2009,143.37
5/29/2009,144.45
5/28/2009,144
5/27/2009,140.91
5/26/2009,133.6
5/25/2009,136.36
5/22/2009,136.99
5/21/2009,137.1
5/20/2009,138.06
5/19/2009,141.18
5/18/2009,137.81
5/15/2009,118.5
5/14/2009,116.37
5/13/2009,116.43
5/12/2009,119.53
5/11/2009,114.7
5/8/2009,114.41
5/7/2009,117.64
5/6/2009,117.2
5/5/2009,119.33
5/4/2009,119.94
4/29/2009,110.04
4/28/2009,107.19
4/27/2009,111.54
4/24/2009,111.03
4/23/2009,109.25
4/22/2009,108.94
4/21/2009,108.71
4/20/2009,106.71
4/17/2009,107.19
4/16/2009,106.61
4/15/2009,108.28
4/13/2009,109.84
4/9/2009,104.44
4/8/2009,104.68
4/6/2009,106.42
4/2/2009,103.66
4/1/2009,100
3/31/2009,97.34
3/30/2009,94.55
3/27/2009,100.15
3/26/2009,99.34
3/25/2009,97.22
3/24/2009,94.17
3/23/2009,88.5
3/20/2009,83.93
3/19/2009,83.24
3/18/2009,84.3
3/17/2009,82.82
3/16/2009,84.49
3/13/2009,83.43
3/12/2009,79.87
3/9/2009,79.88
3/6/2009,80.18
3/5/2009,80.14
3/4/2009,83.9
3/3/2009,83.15
3/2/2009,84.57
2/27/2009,88.95
2/26/2009,87.48
2/25/2009,86.43
2/24/2009,85.45
2/20/2009,86.65
2/19/2009,88.46
2/18/2009,87.64
2/17/2009,88.03
2/16/2009,91.4
2/13/2009,94.42
2/12/2009,93.39
2/11/2009,93.45
2/10/2009,94.7
2/9/2009,91.95
2/6/2009,89.84
2/5/2009,88.43
2/4/2009,88.59
2/3/2009,89.82
2/2/2009,88.87
1/30/2009,92.56
1/29/2009,92.35
1/28/2009,91.18
1/27/2009,88.95
1/23/2009,87.25
1/22/2009,90.05
1/21/2009,88.95
1/20/2009,91.25
1/19/2009,94.11
1/16/2009,93.76
1/15/2009,92.48
1/14/2009,97.76
1/13/2009,98.89
1/12/2009,100.37
1/9/2009,101.75
1/7/2009,100.93
1/6/2009,110.04
1/5/2009,104.41
1/2/2009,101.57
1/1/2009,101.38
12/31/2008,99.84
12/30/2008,101.9
12/29/2008,100.24
12/26/2008,97.28
12/24/2008,98.42
12/23/2008,97.98
12/22/2008,101.85
12/19/2008,105.21
12/18/2008,105.87
12/17/2008,100.22
12/16/2008,98.5
12/15/2008,94.43
12/12/2008,92
12/11/2008,91.86
12/10/2008,92.38
12/8/2008,89.8
12/5/2008,89.03
12/4/2008,91.2
12/3/2008,88.04
12/2/2008,88.59
12/1/2008,89.89
11/28/2008,92.28
11/26/2008,90.61
11/25/2008,83.54
11/24/2008,82.91
11/21/2008,85.65
11/20/2008,82.12
11/19/2008,88.46
11/18/2008,91.51
11/17/2008,93.65
11/14/2008,100.9
11/12/2008,100.67
11/11/2008,102.34
11/10/2008,110.07
11/7/2008,108.98
11/6/2008,106.23
11/5/2008,109.84
11/4/2008,111.27
11/3/2008,107.06
10/31/2008,102.26
10/29/2008,95.1
10/28/2008,96.69
10/27/2008,93.23
10/24/2008,97.29
10/23/2008,107.43
10/22/2008,104.85
10/21/2008,108.96
10/20/2008,108.04
10/17/2008,102.64
10/16/2008,109.33
10/15/2008,113.68
10/14/2008,114.1
10/13/2008,117.31
10/10/2008,104.78
10/8/2008,110.61
10/7/2008,112.89
10/6/2008,120.28
10/3/2008,127.58
10/1/2008,129.53
9/30/2008,122.97
9/29/2008,120.04
9/26/2008,124.46
9/25/2008,130.07
9/24/2008,128.06
9/23/2008,123.38
9/22/2008,130.07
9/19/2008,129.96
9/18/2008,122.38
9/17/2008,118.74
9/16/2008,123.04
9/15/2008,120.34
9/12/2008,124.47
9/11/2008,125.3
9/10/2008,127.57
9/9/2008,129.36
9/8/2008,130.11
9/5/2008,124.85
9/4/2008,130.31
9/2/2008,133.97
9/1/2008,129.83
8/29/2008,127.67
8/28/2008,121.31
8/27/2008,123.4
8/26/2008,125.13
8/25/2008,120.77
8/22/2008,119.4
8/21/2008,116.64
8/20/2008,123.82
8/19/2008,120.69
8/18/2008,120.36
8/14/2008,117.48
8/13/2008,121.74
8/12/2008,126.51
8/11/2008,131.15
8/8/2008,128.31
8/7/2008,125.27
8/6/2008,121.64
8/5/2008,118.45
8/4/2008,110.88
8/1/2008,110.83
7/31/2008,109.82
7/30/2008,109.41
7/29/2008,102.93
7/28/2008,112.72
7/25/2008,112.65
7/24/2008,121.39
7/23/2008,120.46
7/22/2008,110.13
7/21/2008,108.37
7/18/2008,103.45
7/17/2008,95.87
7/16/2008,90.36
7/15/2008,91.82
7/14/2008,103.17
7/11/2008,106.78
7/10/2008,105.42
7/9/2008,105.83
7/8/2008,100.18
7/7/2008,100.54
7/4/2008,100.03
7/3/2008,98.45
7/2/2008,102.76
7/1/2008,96.53
6/30/2008,100.74
6/27/2008,102.16
6/26/2008,106.05
6/25/2008,107.44
6/24/2008,105.97
6/23/2008,109.56
6/20/2008,109.83
6/19/2008,112.3
6/18/2008,116.84
6/17/2008,121.37
6/16/2008,114.93
6/13/2008,112.22
6/12/2008,116.16
6/11/2008,119.64
6/10/2008,113.24
6/9/2008,118.36
6/6/2008,123.25
6/5/2008,124.82
6/4/2008,121.5
6/3/2008,126.64
6/2/2008,131.05
5/30/2008,136.87
5/29/2008,131.96
5/28/2008,135.14
5/27/2008,133.27
5/26/2008,134.76
5/23/2008,138.15
5/22/2008,138.38
5/21/2008,141.01
5/20/2008,146.12
5/16/2008,150.04
5/15/2008,147.85
5/14/2008,146.48
5/13/2008,148.03
5/12/2008,146.81
5/9/2008,145.25
5/8/2008,150.84
5/7/2008,154.19
5/6/2008,154.29
5/5/2008,152.86
5/2/2008,154.04
4/30/2008,152.42
4/29/2008,154.78
4/28/2008,152.34
4/25/2008,150.04
4/24/2008,144.26
4/23/2008,144.54
4/22/2008,150.83
4/21/2008,146.08
4/17/2008,140.12
4/16/2008,130.83
4/15/2008,130.33
4/11/2008,133.01
4/10/2008,132.66
4/9/2008,137.99
4/8/2008,130.86
4/7/2008,130.34
4/4/2008,129.39
4/3/2008,133.12
4/2/2008,132.8
4/1/2008,130.96
3/31/2008,133.13
3/28/2008,140.7
3/27/2008,143.32
3/26/2008,143.92
3/25/2008,141.4
3/24/2008,134.19
3/19/2008,127.26
3/18/2008,123.1
3/17/2008,122.6
3/14/2008,131.55
3/13/2008,129.92
3/12/2008,137.06
3/11/2008,133.32
3/10/2008,131.15
3/7/2008,128.23
3/5/2008,133.28
3/4/2008,135.18
3/3/2008,138.99
2/29/2008,145.68
2/28/2008,147.26
2/27/2008,145.23
2/26/2008,145.49
2/25/2008,142.18
2/22/2008,147.43
2/21/2008,154.09
2/20/2008,153.72
2/19/2008,157.19
2/18/2008,155.69
2/15/2008,156.23
2/14/2008,153.65
2/13/2008,146.85
2/12/2008,140.77
2/11/2008,141.08
2/8/2008,144.2
2/7/2008,149.18
2/6/2008,150.01
2/5/2008,151.23
2/4/2008,154.74
2/1/2008,157.1
1/31/2008,156.96
1/30/2008,153.3
1/29/2008,153.74
1/28/2008,159.02
1/25/2008,160.85
1/24/2008,151.04
1/23/2008,153.43
1/22/2008,142.64
1/21/2008,150.71
1/18/2008,157.1
1/17/2008,164.36
1/16/2008,167.38
1/15/2008,178.9
1/14/2008,178.32
1/11/2008,176.46
1/10/2008,172.2
1/9/2008,174.46
1/8/2008,171.58
1/7/2008,165.54
1/4/2008,169.64
1/3/2008,169.44
1/2/2008,171.53
1/1/2008,172.95
12/31/2007,172.91
12/28/2007,173.03
12/27/2007,174.55
12/26/2007,170.68
12/24/2007,169.82
12/20/2007,164.27
12/19/2007,165.31
12/18/2007,166.18
12/17/2007,168.36
12/14/2007,172.45
12/13/2007,175.64
12/12/2007,178.41
12/11/2007,178.06
12/10/2007,168.8
12/7/2007,171.98
12/6/2007,169
12/5/2007,172.38
12/4/2007,170.17
12/3/2007,169.61
11/30/2007,171.62
11/29/2007,167.44
11/28/2007,160.64
11/27/2007,163.27
11/26/2007,164.34
11/23/2007,156.27
11/22/2007,159.17
11/21/2007,158.09
11/20/2007,163.03
11/19/2007,165.46
11/16/2007,168.71
11/15/2007,170.05
11/14/2007,175.23
11/13/2007,157.42
11/12/2007,147.74
11/9/2007,153.63
11/8/2007,155.54
11/7/2007,161.69
11/6/2007,170.82
11/5/2007,171.61
11/2/2007,177.05
11/1/2007,169.02
10/31/2007,165.34
10/30/2007,162.06
10/29/2007,164.7
10/26/2007,154.65
10/25/2007,155.4
10/24/2007,151.4
10/23/2007,148.82
10/22/2007,137.19
10/19/2007,136.64
10/18/2007,138.82
10/17/2007,146.28
10/16/2007,150.78
10/15/2007,149.92
10/12/2007,143.27
10/11/2007,146.07
10/10/2007,141.7
10/9/2007,142.12
10/8/2007,140.74
10/5/2007,140.32
10/4/2007,140.97
10/3/2007,142.48
10/1/2007,141.17
9/28/2007,143.56
9/27/2007,143.3
9/26/2007,137.57
9/25/2007,139.64
9/24/2007,134.65
9/21/2007,131.85
9/20/2007,132.62
9/19/2007,132.43
9/18/2007,123.12
9/17/2007,122.62
9/14/2007,123.27
9/13/2007,121.35
9/12/2007,118.22
9/11/2007,118.78
9/10/2007,119.61
9/7/2007,119.66
9/6/2007,118.46
9/5/2007,117.25
9/4/2007,117.65
9/3/2007,117.64
8/31/2007,117.17
8/30/2007,118.06
8/29/2007,116.26
8/28/2007,115.06
8/27/2007,111.96
8/24/2007,109.77
8/23/2007,110.02
8/22/2007,111.74
8/21/2007,110.4
8/20/2007,111.09
8/17/2007,106.81
8/16/2007,109.4
8/14/2007,114.77
8/13/2007,113.57
8/10/2007,113.05
8/9/2007,115.57
8/8/2007,117.18
8/7/2007,114.14
8/6/2007,113.25
8/3/2007,115.5
8/2/2007,115.24
8/1/2007,116.14
7/31/2007,120.06
7/30/2007,116.89
7/27/2007,116.94
7/26/2007,121.73
7/25/2007,123.91
7/24/2007,124.89
7/23/2007,123.03
7/20/2007,120.09
7/19/2007,120.93
7/18/2007,120.01
7/17/2007,119.93
7/16/2007,121.77
7/13/2007,122.64
7/12/2007,120.15
7/11/2007,114.88
7/10/2007,114.93
7/9/2007,116.76
7/6/2007,115.83
7/5/2007,112.91
7/4/2007,115.08
7/3/2007,115.05
7/2/2007,114.76
6/29/2007,114.68
6/28/2007,109.73
6/27/2007,109.04
6/26/2007,109.87
6/25/2007,109.98
6/22/2007,110.3
6/21/2007,110.18
6/20/2007,110.01
6/19/2007,110
6/18/2007,108.85
6/15/2007,111.04
6/14/2007,109.64
6/13/2007,108.29
6/12/2007,108.82
6/11/2007,109.74
6/8/2007,109.1
6/7/2007,110.56
6/6/2007,112.72
6/5/2007,115.96
6/4/2007,116.84
6/1/2007,115.35
5/31/2007,114.76
5/30/2007,110.41
5/29/2007,114.44
5/28/2007,112.72
5/25/2007,106.92
5/24/2007,109.12
5/23/2007,111.47
5/22/2007,111.51
5/21/2007,110.68
5/18/2007,107.03
5/17/2007,104.21
5/16/2007,103.55
5/15/2007,101.11
5/14/2007,99.59
5/11/2007,99.26
5/10/2007,101.18
5/9/2007,99.47
5/8/2007,99.13
5/7/2007,100.01
5/4/2007,100.78
5/3/2007,100.46
4/30/2007,102.42
4/27/2007,101.46
4/26/2007,103.45
4/25/2007,103.1
4/24/2007,101.38
4/23/2007,98.68
4/20/2007,99.46
4/19/2007,98.25
4/18/2007,98.04
4/17/2007,97.81
4/16/2007,97.5
4/13/2007,98.12
4/12/2007,95.84
4/11/2007,97.94
4/10/2007,99.2
4/9/2007,97.12
4/5/2007,94.26
4/4/2007,92.51
4/3/2007,91.42
4/2/2007,90.14
3/30/2007,95.42
3/29/2007,93.38
3/28/2007,95.85
3/26/2007,97.32
3/23/2007,101.12
3/22/2007,102.59
3/21/2007,96.56
3/20/2007,95.53
3/19/2007,92.47
3/16/2007,90.35
3/15/2007,91.84
3/14/2007,93.3
3/13/2007,96.02
3/12/2007,95.01
3/9/2007,97.69
3/8/2007,97.42
3/7/2007,91.56
3/6/2007,92.8
3/5/2007,92.81
3/2/2007,93.76
3/1/2007,98.03
2/28/2007,93.5
2/27/2007,97.59
2/26/2007,95.18
2/23/2007,95.82
2/22/2007,98.73
2/21/2007,101.6
2/20/2007,103.16
2/19/2007,103.33
2/15/2007,104.18
2/14/2007,101.73
2/13/2007,106.87
2/12/2007,109.61
2/9/2007,111.38
2/8/2007,110.98
2/7/2007,110.2
2/6/2007,108.93
2/5/2007,110.34
2/2/2007,110.61
2/1/2007,110.4
1/31/2007,107.86
1/29/2007,106.24
1/25/2007,106.61
1/24/2007,105.85
1/23/2007,103.29
1/22/2007,105.63
1/19/2007,106.84
1/18/2007,106.11
1/17/2007,106.12
1/16/2007,109.61
1/15/2007,109.4
1/12/2007,106.16
1/11/2007,99.62
1/10/2007,99.87
1/9/2007,101.39
1/8/2007,102.5
1/5/2007,105.69
1/4/2007,105.01
1/3/2007,106.53
1/2/2007,107
12/29/2006,106.8
12/28/2006,108.01
12/27/2006,105.97
12/26/2006,103.09
12/22/2006,100.58
12/21/2006,100.93
12/20/2006,102.07
12/19/2006,103.88
12/18/2006,106.67
12/15/2006,105.64
12/14/2006,104.58
12/13/2006,103.91
12/12/2006,102.82
12/11/2006,103.27
12/8/2006,108.59
12/7/2006,110.62
12/6/2006,108.73
12/5/2006,108.57
12/4/2006,110.04
12/1/2006,112.37
11/30/2006,112.18
11/29/2006,108.74
11/28/2006,108.72
11/27/2006,111.1
11/24/2006,110.6
11/23/2006,111.31
11/22/2006,107.75
11/21/2006,109.24
11/20/2006,108.65
11/17/2006,112.66
11/16/2006,114.44
11/15/2006,107.65
11/14/2006,106.57
11/13/2006,105.58
11/10/2006,104.45
11/9/2006,101.78
11/8/2006,100.26
11/7/2006,99.49
11/6/2006,99.89
11/3/2006,100.16
11/2/2006,101.06
11/1/2006,99.9
10/31/2006,100.46
10/30/2006,102.94
10/27/2006,99.93
10/26/2006,99.98
10/23/2006,96.95
10/21/2006,96.1
10/20/2006,96.02
10/19/2006,96.35
10/18/2006,97.99
10/17/2006,100.78
10/16/2006,104.88
10/13/2006,98.78
10/12/2006,95.92
10/11/2006,96.59
10/10/2006,93.8
10/9/2006,92.99
10/6/2006,93.38
10/5/2006,93.1
10/4/2006,89.02
10/3/2006,91.98
9/29/2006,92.54
9/28/2006,92.91
9/27/2006,89.93
9/26/2006,88.87
9/25/2006,87.83
9/22/2006,87.59
9/21/2006,88.35
9/20/2006,87.57
9/19/2006,88.11
9/18/2006,88.31
9/15/2006,87.79
9/14/2006,86.55
9/13/2006,87.38
9/12/2006,84.06
9/11/2006,82.28
9/8/2006,84.92
9/7/2006,84.88
9/6/2006,86.4
9/5/2006,87.47
9/4/2006,88.03
9/1/2006,87.63
8/31/2006,85.21
8/30/2006,84
8/29/2006,84.55
8/28/2006,84.55
8/25/2006,85
8/24/2006,85.34
8/23/2006,85.3
8/22/2006,85.87
8/21/2006,83.76
8/18/2006,84.11
8/17/2006,84.87
8/16/2006,84.62
8/14/2006,80.75
8/11/2006,81.07
8/10/2006,80.55
8/9/2006,80.89
8/8/2006,81.36
8/7/2006,80.35
8/4/2006,80.04
8/3/2006,79.79
8/2/2006,77.98
8/1/2006,78.12
7/31/2006,79.5
7/28/2006,79.55
7/27/2006,78.82
7/26/2006,78.11
7/25/2006,76.6
7/24/2006,72.95
7/21/2006,70.99
7/20/2006,72.65
7/19/2006,69.72
7/18/2006,71.03
7/17/2006,70.75
7/14/2006,72.93
7/13/2006,74.64
7/12/2006,76.12
7/11/2006,76.16
7/10/2006,77.86
7/7/2006,77.93
7/6/2006,80
7/5/2006,80.74
7/4/2006,78.73
7/3/2006,77.85
6/30/2006,79.6
6/29/2006,74.94
6/28/2006,72.67
6/27/2006,74.11
6/26/2006,76.16
6/25/2006,74.15
6/23/2006,74.94
6/22/2006,73.1
6/21/2006,70.91
6/20/2006,70.9
6/19/2006,73.63
6/16/2006,73.45
6/15/2006,69.77
6/14/2006,63.9
6/13/2006,65.17
6/12/2006,69.23
6/9/2006,71.27
6/8/2006,69.27
6/7/2006,72.08
6/6/2006,72.26
6/5/2006,73.94
6/2/2006,76.51
6/1/2006,73.87
5/31/2006,74.52
5/30/2006,75.01
5/29/2006,76.43
5/26/2006,77.4
5/25/2006,75.82
5/24/2006,76.86
5/23/2006,78.12
5/22/2006,78.7
5/19/2006,80.97
5/18/2006,81.97
5/17/2006,84.43
5/16/2006,84.77
5/15/2006,84.36
5/12/2006,87.53
5/11/2006,87.05
5/10/2006,87.11
5/9/2006,85.27
5/8/2006,87.61
5/5/2006,87.87
5/4/2006,88.38
5/3/2006,86.32
5/2/2006,85.13
4/29/2006,82.58
4/28/2006,81.74
4/27/2006,82.42
4/26/2006,83.71
4/25/2006,82.47
4/24/2006,82.24
4/21/2006,84.87
4/20/2006,85
4/19/2006,84.85
4/18/2006,83.45
4/17/2006,81.46
4/13/2006,80.4
4/12/2006,80.9
4/10/2006,82.53
4/7/2006,81.77
4/5/2006,84.1
4/4/2006,83.29
4/3/2006,77.39
3/31/2006,77.43
3/30/2006,77.95
3/29/2006,74.63
3/28/2006,74.27
3/27/2006,73.83
3/24/2006,73.49
3/23/2006,74.2
3/22/2006,75.74
3/21/2006,75.48
3/20/2006,76.56
3/17/2006,76.43
3/16/2006,76.76
3/14/2006,76.2
3/13/2006,76.93
3/10/2006,74.9
3/9/2006,75.02
3/8/2006,76.01
3/7/2006,75.78
3/6/2006,76.01
3/3/2006,75.97
3/2/2006,75.83
3/1/2006,74.69
2/28/2006,73.72
2/27/2006,72.82
2/24/2006,71.15
2/23/2006,72.2
2/22/2006,72.67
2/21/2006,72.48
2/20/2006,72.22
2/17/2006,74.24
2/16/2006,76
2/15/2006,74.38
2/14/2006,74.79
2/13/2006,74.65
2/10/2006,76.21
2/8/2006,76.25
2/7/2006,77.08
2/6/2006,74.48
2/3/2006,73.19
2/2/2006,73.95
2/1/2006,73.88
1/31/2006,76.25
1/30/2006,74.36
1/27/2006,73.71
1/25/2006,71.89
1/24/2006,71.59
1/23/2006,71.95
1/20/2006,72.52
1/19/2006,72.85
1/18/2006,74.47
1/17/2006,74.9
1/16/2006,74.14
1/13/2006,72.99
1/12/2006,74.67
1/10/2006,74.84
1/9/2006,76.49
1/6/2006,76.9
1/5/2006,73.95
1/4/2006,73.21
1/3/2006,71.33
1/2/2006,71.35
12/30/2005,70.88
12/29/2005,70.65
12/28/2005,70.27
12/27/2005,70.84
12/26/2005,70.84
12/23/2005,72.03
12/22/2005,74.22
12/21/2005,72.7
12/20/2005,73.55
12/19/2005,71.16
12/16/2005,70.09
12/15/2005,70.39
12/14/2005,71.86
12/13/2005,69.48
12/12/2005,68.76
12/9/2005,68.8
12/8/2005,68.83
12/7/2005,69.4
12/6/2005,68.1
12/5/2005,68.74
12/2/2005,69.87
12/1/2005,69.68
11/30/2005,68.69
11/29/2005,68.49
11/28/2005,69.57
11/26/2005,69.16
11/25/2005,69.77
11/24/2005,69.11
11/23/2005,68.95
11/22/2005,67.75
11/21/2005,67.97
11/18/2005,69.94
11/17/2005,69.89
11/16/2005,69
11/14/2005,67.58
11/11/2005,63.52
11/10/2005,63.09
11/9/2005,63.19
11/8/2005,63.8
11/7/2005,62.53
11/2/2005,62.07
11/1/2005,62.95
10/31/2005,60.67
10/28/2005,61.1
10/27/2005,62.46
10/26/2005,63.01
10/25/2005,63.07
10/24/2005,63.55
10/21/2005,64.77
10/20/2005,64.39
10/19/2005,64.77
10/18/2005,65.78
10/17/2005,65.44
10/14/2005,65.94
10/13/2005,67.79
10/11/2005,68.98
10/10/2005,68.83
10/7/2005,67.86
10/6/2005,68.21
10/5/2005,70.27
10/4/2005,70.99
10/3/2005,67.67
9/30/2005,68.52
9/29/2005,69.6
9/28/2005,69.6
9/27/2005,68.23
9/26/2005,67.92
9/23/2005,67
9/22/2005,69.18
9/21/2005,72.46
9/20/2005,73.24
9/19/2005,70.84
9/16/2005,69.24
9/15/2005,69.23
9/14/2005,68.8
9/13/2005,68.73
9/12/2005,67.74
9/9/2005,67.61
9/8/2005,65.59
9/6/2005,64.25
9/5/2005,64.02
9/2/2005,63.63
9/1/2005,63.19
8/31/2005,64.03
8/30/2005,64.66
8/29/2005,63.88
8/26/2005,63.47
8/25/2005,64.95
8/24/2005,65.16
8/23/2005,64.86
8/22/2005,65.76
8/19/2005,65.89
8/18/2005,66.3
8/17/2005,65.61
8/16/2005,64.72
8/12/2005,66.02
8/11/2005,66.12
8/10/2005,66.03
8/9/2005,65.43
8/8/2005,65.78
8/5/2005,67.42
8/4/2005,68.45
8/3/2005,67.68
8/2/2005,66.9
8/1/2005,67.65
7/29/2005,69.95
7/27/2005,70.52
7/26/2005,67.83
7/25/2005,67.47
7/22/2005,64.85
7/21/2005,64.16
7/20/2005,64.14
7/19/2005,63.98
7/18/2005,62.78
7/15/2005,63.06
7/14/2005,64.52
7/13/2005,64.29
7/12/2005,65.81
7/11/2005,66.4
7/8/2005,65.18
7/7/2005,64.06
7/6/2005,64.66
7/5/2005,63.31
7/4/2005,63.2
7/1/2005,61.81
6/30/2005,63.61
6/29/2005,60.16
6/28/2005,59
6/27/2005,59.97
6/24/2005,58.25
6/23/2005,58.06
6/22/2005,59.01
6/21/2005,60.26
6/20/2005,59.86
6/17/2005,59.72
6/16/2005,59.55
6/15/2005,59.12
6/14/2005,59.35
6/13/2005,58.23
6/10/2005,57.63
6/9/2005,57.91
6/8/2005,58.59
6/7/2005,58.84
6/6/2005,55.33
6/4/2005,53.91
6/3/2005,54.58
6/2/2005,53.98
6/1/2005,53.6
5/31/2005,53.96
5/30/2005,54.02
5/27/2005,54.07
5/26/2005,53.8
5/25/2005,54.03
5/24/2005,54.65
5/23/2005,55
5/20/2005,53.77
5/19/2005,54.31
5/18/2005,53.5
5/17/2005,53.68
5/16/2005,53.96
5/13/2005,53.3
5/12/2005,52.94
5/11/2005,53.5
5/10/2005,54.08
5/9/2005,54.03
5/6/2005,54.1
5/5/2005,54.66
5/4/2005,53.92
5/3/2005,54.03
5/2/2005,53.98
4/29/2005,53.5
4/28/2005,53.99
4/27/2005,53.75
4/26/2005,53.87
4/25/2005,54
4/22/2005,54.02
4/21/2005,54.58
4/20/2005,54.08
4/19/2005,53.13
4/18/2005,52.04
4/15/2005,53.86
4/13/2005,56.15
4/12/2005,55.85
4/11/2005,55.71
4/8/2005,54.67
4/7/2005,56.32
4/6/2005,55.34
4/5/2005,54
4/4/2005,55.22
4/1/2005,55.16
3/31/2005,54.49
3/30/2005,53.33
3/29/2005,53.7
3/28/2005,53.3
3/24/2005,51.95
3/23/2005,53.17
3/22/2005,55.18
3/21/2005,55.92
3/18/2005,56.59
3/17/2005,57.24
3/16/2005,59.42
3/15/2005,59.39
3/14/2005,60.27
3/11/2005,60.97
3/10/2005,61.54
3/9/2005,62.42
3/8/2005,61.42
3/7/2005,60.12
3/4/2005,58.59
3/3/2005,57.61
3/2/2005,57.68
3/1/2005,57.76
2/28/2005,58.73
2/25/2005,57.02
2/24/2005,57.6
2/23/2005,55.81
2/22/2005,56.06
2/21/2005,56.05
2/18/2005,56.42
2/17/2005,55.83
2/16/2005,56.2
2/15/2005,56.25
2/14/2005,56.87
2/11/2005,57.5
2/10/2005,57.95
2/9/2005,58.81
2/8/2005,57.05
2/7/2005,56.18
2/4/2005,56.72
2/3/2005,57.35
2/2/2005,55.86
2/1/2005,56.02
1/31/2005,56.46
1/28/2005,53.99
1/27/2005,53.77
1/25/2005,52.06
1/24/2005,49.14
1/20/2005,51.14
1/19/2005,51.89
1/18/2005,51.36
1/17/2005,52.01
1/14/2005,51.5
1/13/2005,49.89
1/12/2005,48.1
1/11/2005,48.34
1/10/2005,48.98
1/7/2005,49.03
1/6/2005,48.52
1/5/2005,50.01
1/4/2005,51.95
1/3/2005,52.53
12/31/2004,52.04
12/30/2004,52.43
12/29/2004,51.51
12/28/2004,51.87
12/27/2004,50.49
12/24/2004,50.25
12/23/2004,49.41
12/22/2004,49.32
12/21/2004,49.62
12/20/2004,49.25
12/17/2004,48.18
12/16/2004,48.18
12/15/2004,47.42
12/14/2004,47.52
12/13/2004,47.33
12/10/2004,46.69
12/9/2004,47.71
12/8/2004,47.14
12/7/2004,48.1
12/6/2004,47.66
12/3/2004,48.28
12/2/2004,48.84
12/1/2004,48.41
11/30/2004,49.67
11/29/2004,49.89
11/25/2004,49.91
11/24/2004,48.36
11/23/2004,48.73
11/22/2004,48.32
11/19/2004,48.29
11/18/2004,47.82
11/17/2004,48.27
11/16/2004,48.41
11/12/2004,46.8
11/11/2004,46.78
11/10/2004,47.34
11/9/2004,45.72
11/8/2004,45.22
11/5/2004,43.26
11/4/2004,42.51
11/3/2004,42.8
11/2/2004,42.08
11/1/2004,42.15
10/29/2004,41.51
10/28/2004,41.6
10/27/2004,41.73
10/26/2004,40.9
10/25/2004,40.98
10/21/2004,40.37
10/20/2004,41.09
10/19/2004,41.47
10/18/2004,40.9
10/15/2004,40.62
10/14/2004,40.03
10/12/2004,40.33
10/11/2004,40.89
10/9/2004,40.75
10/8/2004,40.98
10/7/2004,41.02
10/6/2004,41.21
10/5/2004,41.63
10/4/2004,41.61
10/1/2004,41.08
9/30/2004,40.2
9/29/2004,40.41
9/28/2004,40.51
9/27/2004,39.85
9/24/2004,40.47
9/23/2004,41.04
9/22/2004,41.22
9/21/2004,40.62
9/20/2004,40.51
9/17/2004,40.29
9/16/2004,39.55
9/15/2004,39.52
9/14/2004,39.13
9/13/2004,38.84
9/10/2004,38.96
9/9/2004,38.19
9/8/2004,39.41
9/7/2004,38.18
9/6/2004,37.72
9/3/2004,37.02
9/2/2004,37.09
9/1/2004,36.86
8/31/2004,36.77
8/30/2004,37.13
8/27/2004,36.95
8/26/2004,37.95
8/25/2004,37.48
8/24/2004,37.48
8/23/2004,36.42
8/20/2004,35.69
8/19/2004,36.13
8/18/2004,36.15
8/17/2004,36.37
8/16/2004,36.2
8/13/2004,36.5
8/12/2004,37.08
8/11/2004,37.44
8/10/2004,37.41
8/9/2004,36.97
8/6/2004,36.76
8/5/2004,37.2
8/4/2004,36.52
8/3/2004,36.5
8/2/2004,37.19
7/30/2004,37.52
7/29/2004,37.58
7/28/2004,37.21
7/27/2004,37.38
7/26/2004,37.46
7/23/2004,36.96
7/22/2004,36.95
7/21/2004,37.02
7/20/2004,37.01
7/19/2004,36.63
7/16/2004,36.61
7/15/2004,36.5
7/14/2004,36.5
7/13/2004,36.53
7/12/2004,36.83
7/9/2004,36.88
7/8/2004,36.43
7/7/2004,37.03
7/6/2004,36.69
7/5/2004,36.16
7/2/2004,36.45
7/1/2004,37.16
6/30/2004,36.97
6/29/2004,36.96
6/28/2004,36.85
6/25/2004,36.74
6/24/2004,38.14
6/23/2004,36.5
6/22/2004,37.58
6/21/2004,37.77
6/18/2004,37.49
6/17/2004,37.51
6/16/2004,36.87
6/15/2004,36.52
6/14/2004,36.08
6/11/2004,36
6/10/2004,37.9
6/9/2004,37.03
6/8/2004,36.45
6/7/2004,35.93
6/4/2004,35.6
6/3/2004,35.09
6/2/2004,35.69
6/1/2004,35.15
5/31/2004,35.13
5/28/2004,36.89
5/27/2004,37.4
5/26/2004,36.92
5/25/2004,36.93
5/24/2004,36.89
5/21/2004,36.23
5/20/2004,35.44
5/19/2004,35.32
5/18/2004,35.21
5/17/2004,27.99
5/14/2004,35.27
5/13/2004,36.89
5/12/2004,36.75
5/11/2004,37.2
5/10/2004,38.18
5/7/2004,37.54
5/6/2004,38.29
5/5/2004,38.25
5/4/2004,37.64
5/3/2004,37.78
4/30/2004,37.81
4/29/2004,38.16
4/28/2004,37.99
4/27/2004,38.08
4/23/2004,37.99
4/22/2004,37.52
4/21/2004,37.3
4/20/2004,37.48
4/19/2004,37.84
4/17/2004,37.67
4/16/2004,37.85
4/15/2004,38.1
4/13/2004,38.26
4/12/2004,37.54
4/8/2004,38.05
4/7/2004,38.08
4/6/2004,38.21
4/5/2004,38.67
4/2/2004,38.89
4/1/2004,38.44
3/31/2004,37.88
3/30/2004,36.92
3/29/2004,37.81
3/26/2004,37.41
3/25/2004,36.29
3/24/2004,35.77
3/23/2004,34.5
3/22/2004,33.89
3/19/2004,35.38
3/18/2004,35.54
3/17/2004,35.93
3/16/2004,35.94
3/15/2004,36.17
3/12/2004,36.69
3/11/2004,37.6
3/10/2004,37.83
3/9/2004,37.51
3/8/2004,37.99
3/5/2004,38.25
3/4/2004,38.32
3/3/2004,39.2
3/1/2004,37.86
2/27/2004,37.47
2/26/2004,36.91
2/25/2004,36.52
2/24/2004,37.16
2/23/2004,36.72
2/20/2004,36.49
2/19/2004,37.48
2/18/2004,37.94
2/17/2004,38.07
2/16/2004,37.82
2/13/2004,37.48
2/12/2004,37.46
2/11/2004,37.46
2/10/2004,37.29
2/9/2004,36.43
2/6/2004,35.48
2/5/2004,35.68
2/4/2004,35
2/3/2004,33.67
1/30/2004,34.5
1/29/2004,35.6
1/28/2004,36.02
1/27/2004,36.56
1/23/2004,36.49
1/22/2004,36.68
1/21/2004,36.92
1/20/2004,36.99
1/19/2004,36.99
1/16/2004,38.17
1/15/2004,38.51
1/14/2004,36.78
1/13/2004,36.49
1/12/2004,36.49
1/9/2004,36.85
1/8/2004,36.17
1/7/2004,36.09
1/6/2004,36.15
1/5/2004,36.52
1/2/2004,36.29
1/1/2004,36.67
12/31/2003,36.51
12/30/2003,36.81
12/29/2003,37.98
12/26/2003,35.86
12/24/2003,36.01
12/23/2003,35.25
12/22/2003,35.95
12/19/2003,35.83
12/18/2003,35.52
12/17/2003,35.94
12/16/2003,35.98
12/15/2003,35.37
12/12/2003,36.27
12/11/2003,35.05
12/10/2003,34.04
12/9/2003,33.25
12/8/2003,32.68
12/5/2003,32.83
12/4/2003,33.45
12/3/2003,32.89
12/2/2003,31.81
12/1/2003,31.13
11/28/2003,30.26
11/27/2003,30.17
11/25/2003,30.26
11/24/2003,30.29
11/21/2003,30.3
11/20/2003,29.84
11/19/2003,29.97
11/18/2003,30.29
11/17/2003,30.41
11/15/2003,29.93
11/14/2003,29.75
11/13/2003,29.94
11/12/2003,29.9
11/11/2003,30.66
11/10/2003,30.89
11/7/2003,30.53
11/6/2003,30.79
11/5/2003,30.94
11/4/2003,30.99
11/3/2003,31.95
10/31/2003,31.61
10/30/2003,31.76
10/29/2003,31.67
